,GO terms,Common Intersections
0,GO:0070663,['CDKN2A']
1,GO:2001237,[]
2,GO:0060560,"['RTN4', 'ABL1', 'MAPT']"
3,GO:0031098,[]
4,GO:0006954,"['RTN4', 'MAPT']"
5,GO:0051240,"['ABL1', 'RTN4', 'MAPT', 'OGT']"
6,GO:0006979,"['ABL1', 'MAPT']"
7,GO:0050778,"['RTN4', 'ABL1']"
8,GO:0071702,['CDKN2A']
9,GO:0016773,['ABL1']
10,GO:0014070,['ABL1']
11,GO:0007409,"['RTN4', 'ABL1', 'MAPT']"
12,GO:0032436,[]
13,GO:0032101,['RTN4']
14,GO:0001558,"['EIF4G1', 'ABL1', 'MAPT', 'RTN4', 'CDKN2A']"
15,GO:0070647,"['ABL1', 'CDKN2A', 'OGT']"
16,GO:0030217,"['ABL1', 'CDKN2A']"
17,GO:0023061,[]
18,GO:0140546,['RTN4']
19,GO:0000775,[]
20,GO:2001233,[]
21,GO:0032991,"['EIF4G1', 'ABL1', 'CDKN2A', 'MAPT', 'OGT']"
22,WP:WP3844,[]
23,HPA:0600000,"['EIF4G1', 'ABL1', 'CDKN2A', 'OGT', 'DAPL1']"
24,GO:0060341,"['EIF4G1', 'CDKN2A', 'MAPT', 'RTN4', 'OGT']"
25,GO:0031398,[]
26,GO:0010558,"['EIF4G1', 'CDKN2A', 'MAPT', 'OGT', 'DAPL1']"
27,GO:1901875,['CDKN2A']
28,GO:0019901,"['ABL1', 'MAPT', 'CDKN2A']"
29,GO:0042127,"['RTN4', 'ABL1', 'CDKN2A']"
30,GO:0009605,"['EIF4G1', 'ABL1', 'RTN4', 'OGT', 'DAPL1']"
31,REAC:R-HSA-69278,"['ABL1', 'CDKN2A']"
32,HPA:0460671,"['OGT', 'CDKN2A', 'EIF4G1']"
33,GO:0043269,['ABL1']
34,GO:0110165,"['EIF4G1', 'ABL1', 'CDKN2A', 'TUG1', 'MAPT', 'RTN4', 'OGT', 'DAPL1']"
35,GO:1901361,"['OGT', 'CDKN2A']"
36,GO:0050767,"['RTN4', 'MAPT']"
37,GO:0030054,"['EIF4G1', 'ABL1', 'MAPT', 'RTN4', 'OGT']"
38,GO:0006974,"['ABL1', 'CDKN2A', 'MAPT']"
39,GO:0023056,"['RTN4', 'ABL1', 'OGT', 'CDKN2A']"
40,GO:0006886,['CDKN2A']
41,HPA:0530000,"['ABL1', 'OGT', 'CDKN2A', 'EIF4G1']"
42,GO:1901701,"['ABL1', 'MAPT', 'OGT']"
43,GO:0034504,['CDKN2A']
44,GO:0016772,"['ABL1', 'CDKN2A']"
45,GO:0045595,"['EIF4G1', 'ABL1', 'TUG1', 'MAPT', 'RTN4', 'CDKN2A']"
46,HPA:0420052,"['ABL1', 'OGT', 'EIF4G1']"
47,GO:0050790,"['ABL1', 'MAPT', 'CDKN2A']"
48,WP:WP366,[]
49,GO:1902533,"['RTN4', 'ABL1', 'OGT', 'CDKN2A']"
50,GO:0001568,"['RTN4', 'ABL1']"
51,GO:0031410,[]
52,GO:0060627,['ABL1']
53,KEGG:04218,['CDKN2A']
54,HPA:0610000,"['ABL1', 'OGT', 'CDKN2A', 'EIF4G1']"
55,GO:0008286,['OGT']
56,GO:0009411,[]
57,GO:0071840,"['EIF4G1', 'ABL1', 'CDKN2A', 'MAPT', 'RTN4', 'OGT']"
58,GO:0051091,[]
59,HPA:0010011,"['ABL1', 'MAPT', 'OGT', 'EIF4G1']"
60,GO:0031974,"['ABL1', 'MAPT', 'OGT', 'CDKN2A']"
61,GO:0043434,['OGT']
62,WP:WP231,[]
63,GO:0050776,"['RTN4', 'ABL1']"
64,GO:0048588,"['RTN4', 'ABL1', 'MAPT']"
65,GO:0022603,"['RTN4', 'ABL1', 'MAPT']"
66,GO:0019222,"['EIF4G1', 'ABL1', 'CDKN2A', 'MAPT', 'RTN4', 'OGT', 'DAPL1']"
67,GO:0042592,"['RTN4', 'ABL1', 'OGT', 'EIF4G1']"
68,GO:0043085,"['ABL1', 'MAPT', 'CDKN2A']"
69,GO:0014002,['MAPT']
70,GO:0140352,[]
71,GO:0034097,[]
72,GO:1901699,"['ABL1', 'OGT']"
73,GO:0051897,['RTN4']
74,HPA:0310431,"['ABL1', 'OGT', 'CDKN2A', 'EIF4G1']"
75,GO:0006793,"['EIF4G1', 'ABL1', 'CDKN2A', 'MAPT', 'OGT']"
76,GO:0043408,['ABL1']
77,GO:1904375,"['OGT', 'EIF4G1']"
78,GO:0009890,"['EIF4G1', 'CDKN2A', 'MAPT', 'OGT', 'DAPL1']"
79,GO:0000776,[]
80,GO:0007159,"['ABL1', 'CDKN2A', 'DAPL1']"
81,HPA:0620221,"['ABL1', 'OGT', 'EIF4G1', 'DAPL1']"
82,GO:0030100,['ABL1']
83,HPA:0530721,"['ABL1', 'CDKN2A', 'EIF4G1']"
84,GO:0010563,"['ABL1', 'CDKN2A', 'EIF4G1', 'MAPT']"
85,KEGG:05418,[]
86,KEGG:04151,[]
87,GO:0031347,['RTN4']
88,GO:0042306,[]
89,GO:0008134,['CDKN2A']
90,GO:0035239,"['RTN4', 'ABL1']"
91,KEGG:04120,[]
92,GO:0051896,['RTN4']
93,GO:0031982,[]
94,GO:0071345,[]
95,GO:0051961,['RTN4']
96,GO:0050867,['ABL1']
97,GO:0030335,"['RTN4', 'ABL1']"
98,GO:0048513,"['RTN4', 'TUG1', 'ABL1', 'EIF4G1']"
99,GO:0051169,['CDKN2A']
100,GO:0007623,['OGT']
101,GO:0016192,['ABL1']
102,KEGG:05161,[]
103,GO:0033157,['CDKN2A']
104,GO:0005515,"['EIF4G1', 'ABL1', 'CDKN2A', 'MAPT', 'RTN4', 'OGT', 'DAPL1']"
105,GO:0009893,"['EIF4G1', 'ABL1', 'CDKN2A', 'MAPT', 'RTN4', 'OGT']"
106,HP:0100705,"['MAPT', 'CDKN2A', 'EIF4G1']"
107,GO:0043632,"['OGT', 'CDKN2A']"
108,GO:1903530,[]
109,WP:WP481,[]
110,GO:0043412,"['EIF4G1', 'ABL1', 'CDKN2A', 'MAPT', 'OGT']"
111,GO:0046822,['CDKN2A']
112,WP:WP2059,"['RTN4', 'MAPT']"
113,GO:0001666,['RTN4']
114,GO:0012505,"['TUG1', 'ABL1', 'RTN4']"
115,GO:0051129,"['RTN4', 'MAPT']"
116,GO:0051049,"['ABL1', 'CDKN2A']"
117,GO:0043161,['OGT']
118,GO:0051246,"['EIF4G1', 'ABL1', 'CDKN2A', 'MAPT', 'RTN4', 'OGT', 'DAPL1']"
119,GO:1901575,"['OGT', 'CDKN2A']"
120,GO:0097190,"['ABL1', 'DAPL1']"
121,HP:0000739,"['MAPT', 'CDKN2A']"
122,GO:0044237,"['EIF4G1', 'ABL1', 'CDKN2A', 'MAPT', 'RTN4', 'OGT', 'DAPL1']"
123,GO:0080134,"['EIF4G1', 'ABL1', 'MAPT', 'RTN4', 'CDKN2A']"
124,GO:0022411,"['CDKN2A', 'OGT']"
125,GO:0006955,"['RTN4', 'ABL1']"
126,GO:0009895,"['CDKN2A', 'EIF4G1', 'OGT', 'DAPL1']"
127,GO:0009889,"['EIF4G1', 'ABL1', 'CDKN2A', 'MAPT', 'RTN4', 'OGT', 'DAPL1']"
128,GO:0030162,"['MAPT', 'CDKN2A', 'OGT']"
129,GO:0010959,['ABL1']
130,GO:0042770,"['ABL1', 'CDKN2A']"
131,GO:0010906,['OGT']
132,GO:0034655,"['OGT', 'CDKN2A']"
133,GO:0007167,"['RTN4', 'ABL1', 'OGT']"
134,GO:1901362,"['ABL1', 'OGT', 'CDKN2A']"
135,GO:0031329,"['EIF4G1', 'ABL1', 'OGT', 'MAPT', 'CDKN2A', 'DAPL1']"
136,GO:0051251,['ABL1']
137,GO:0043005,"['RTN4', 'MAPT', 'ABL1']"
138,GO:0006873,['ABL1']
139,HPA:0340000,"['EIF4G1', 'ABL1', 'CDKN2A', 'OGT', 'DAPL1']"
140,GO:0006511,"['OGT', 'CDKN2A']"
141,GO:0031323,"['EIF4G1', 'ABL1', 'CDKN2A', 'MAPT', 'RTN4', 'OGT', 'DAPL1']"
142,HPA:0510000,"['EIF4G1', 'ABL1', 'MAPT', 'RTN4', 'OGT']"
143,GO:0045732,[]
144,GO:0043523,['ABL1']
145,HPA:0330000,"['ABL1', 'OGT', 'CDKN2A', 'EIF4G1']"
146,GO:0044325,[]
147,GO:0034644,[]
148,GO:2000145,"['RTN4', 'ABL1', 'OGT']"
149,GO:0051219,['ABL1']
150,GO:0001667,"['RTN4', 'ABL1']"
151,GO:0043069,['ABL1']
152,GO:0061695,[]
153,GO:0042391,"['ABL1', 'MAPT']"
154,GO:0010494,['EIF4G1']
155,GO:0032434,['OGT']
156,GO:0005829,"['EIF4G1', 'ABL1', 'CDKN2A', 'MAPT', 'OGT']"
157,GO:0035591,[]
158,GO:0043687,"['ABL1', 'CDKN2A', 'OGT']"
159,GO:1902903,"['ABL1', 'MAPT']"
160,KEGG:04910,[]
161,HPA:0360051,"['ABL1', 'OGT', 'CDKN2A', 'EIF4G1']"
162,GO:0006816,['ABL1']
163,GO:0046914,['ABL1']
164,GO:0051130,"['MAPT', 'ABL1', 'EIF4G1']"
165,GO:0005819,[]
166,GO:0022402,"['CDKN2A', 'EIF4G1']"
167,GO:1902911,[]
168,GO:0002252,"['RTN4', 'ABL1']"
169,GO:0090398,"['ABL1', 'CDKN2A']"
170,REAC:R-HSA-5663202,[]
171,GO:0046649,"['ABL1', 'CDKN2A', 'DAPL1']"
172,GO:0098794,"['RTN4', 'ABL1', 'EIF4G1', 'MAPT']"
173,GO:1902494,['OGT']
174,GO:0051128,"['EIF4G1', 'ABL1', 'CDKN2A', 'MAPT', 'RTN4', 'OGT']"
175,GO:0090132,"['RTN4', 'ABL1']"
176,GO:0008270,[]
177,GO:0051222,[]
178,GO:0051348,"['ABL1', 'CDKN2A', 'MAPT']"
179,GO:0016477,"['RTN4', 'ABL1', 'OGT']"
180,GO:0043603,"['RTN4', 'OGT', 'EIF4G1', 'DAPL1']"
181,GO:0033554,"['EIF4G1', 'ABL1', 'MAPT', 'RTN4', 'CDKN2A', 'DAPL1']"
182,GO:0031325,"['EIF4G1', 'ABL1', 'CDKN2A', 'MAPT', 'RTN4', 'OGT']"
183,GO:0051051,[]
184,GO:0030554,"['ABL1', 'EIF4G1']"
185,GO:0007275,"['EIF4G1', 'ABL1', 'CDKN2A', 'TUG1', 'MAPT', 'RTN4', 'OGT']"
186,GO:0071214,[]
187,GO:0040011,"['RTN4', 'ABL1', 'OGT']"
188,GO:0010001,"['ABL1', 'MAPT']"
189,GO:0009056,"['EIF4G1', 'ABL1', 'OGT', 'MAPT', 'CDKN2A', 'DAPL1']"
190,HPA:0180000,"['EIF4G1', 'ABL1', 'CDKN2A', 'OGT', 'DAPL1']"
191,GO:0060205,[]
192,HPA:0190222,"['OGT', 'EIF4G1']"
193,GO:0051960,"['RTN4', 'MAPT']"
194,GO:0031327,"['EIF4G1', 'CDKN2A', 'MAPT', 'OGT', 'DAPL1']"
195,GO:0009725,['OGT']
196,GO:0002696,['ABL1']
197,GO:0071478,[]
198,GO:0051301,['CDKN2A']
199,GO:0010256,['RTN4']
200,GO:0031328,"['EIF4G1', 'ABL1', 'CDKN2A', 'RTN4', 'OGT']"
201,GO:0030330,['CDKN2A']
202,GO:0099081,['MAPT']
203,GO:0048589,"['RTN4', 'ABL1', 'MAPT']"
204,GO:0051173,"['EIF4G1', 'ABL1', 'CDKN2A', 'MAPT', 'OGT']"
205,GO:0043393,['ABL1']
206,GO:0051241,"['RTN4', 'OGT', 'CDKN2A', 'DAPL1']"
207,GO:0002831,['RTN4']
208,GO:0009966,"['ABL1', 'CDKN2A', 'MAPT', 'RTN4', 'OGT']"
209,GO:0050728,[]
210,GO:0005524,"['ABL1', 'EIF4G1']"
211,GO:0048514,"['RTN4', 'ABL1']"
212,HPA:0050091,"['EIF4G1', 'ABL1', 'CDKN2A', 'MAPT', 'OGT']"
213,GO:0120039,"['RTN4', 'ABL1', 'MAPT']"
214,HPA:0610832,"['ABL1', 'OGT', 'CDKN2A', 'EIF4G1']"
215,GO:0097447,"['ABL1', 'MAPT']"
216,GO:0031647,"['RTN4', 'CDKN2A']"
217,GO:0032940,[]
218,GO:0002694,"['ABL1', 'CDKN2A', 'DAPL1']"
219,GO:0043025,"['ABL1', 'MAPT']"
220,GO:0032879,"['EIF4G1', 'ABL1', 'CDKN2A', 'MAPT', 'RTN4', 'OGT']"
221,GO:0072331,['CDKN2A']
222,GO:0044089,"['ABL1', 'EIF4G1', 'MAPT']"
223,GO:0030424,"['ABL1', 'MAPT']"
224,GO:1900182,['CDKN2A']
225,GO:0045862,"['MAPT', 'CDKN2A', 'OGT']"
226,HPA:0530711,"['ABL1', 'OGT', 'CDKN2A', 'EIF4G1']"
227,GO:0061024,['RTN4']
228,GO:0031981,"['ABL1', 'MAPT', 'OGT', 'CDKN2A']"
229,HPA:0160251,"['ABL1', 'CDKN2A', 'EIF4G1']"
230,GO:0050794,"['EIF4G1', 'ABL1', 'CDKN2A', 'TUG1', 'MAPT', 'RTN4', 'OGT', 'DAPL1']"
231,REAC:R-HSA-1643685,"['ABL1', 'CDKN2A']"
232,GO:0043227,"['EIF4G1', 'ABL1', 'CDKN2A', 'TUG1', 'MAPT', 'RTN4', 'OGT']"
233,GO:0032869,['OGT']
234,GO:0048699,"['EIF4G1', 'ABL1', 'TUG1', 'MAPT', 'RTN4']"
235,GO:0140096,"['ABL1', 'OGT', 'CDKN2A']"
236,GO:0097193,['ABL1']
237,GO:0002521,"['ABL1', 'CDKN2A']"
238,GO:1903320,"['ABL1', 'CDKN2A', 'OGT']"
239,GO:0043933,"['EIF4G1', 'ABL1', 'MAPT', 'RTN4', 'OGT']"
240,GO:0019438,"['ABL1', 'OGT', 'CDKN2A']"
241,GO:0065008,"['EIF4G1', 'ABL1', 'CDKN2A', 'MAPT', 'RTN4', 'OGT']"
242,HPA:0170251,"['ABL1', 'CDKN2A']"
243,WP:WP2380,['MAPT']
244,GO:0006996,"['ABL1', 'CDKN2A', 'MAPT', 'RTN4', 'OGT']"
245,GO:0040008,"['EIF4G1', 'ABL1', 'MAPT', 'RTN4', 'CDKN2A']"
246,GO:0010556,"['EIF4G1', 'ABL1', 'CDKN2A', 'MAPT', 'RTN4', 'OGT', 'DAPL1']"
247,GO:0051170,[]
248,KEGG:01521,[]
249,GO:0008289,"['MAPT', 'OGT']"
250,GO:0034774,[]
251,GO:0044419,"['RTN4', 'ABL1']"
252,GO:0051338,"['ABL1', 'CDKN2A', 'MAPT']"
253,WP:WP5124,"['RTN4', 'MAPT']"
254,KEGG:04068,[]
255,GO:0031668,"['OGT', 'EIF4G1', 'DAPL1']"
256,WP:WP5420,['ABL1']
257,HPA:0380000,"['ABL1', 'OGT', 'CDKN2A', 'EIF4G1']"
258,HPA:0130000,"['EIF4G1', 'ABL1', 'CDKN2A', 'MAPT', 'RTN4', 'OGT']"
259,HPA:0310441,"['ABL1', 'CDKN2A', 'EIF4G1']"
260,GO:0042981,"['RTN4', 'ABL1', 'CDKN2A']"
261,GO:0044389,['RTN4']
262,GO:0061629,['CDKN2A']
263,GO:0010332,[]
264,GO:0031667,"['OGT', 'EIF4G1', 'DAPL1']"
265,HPA:0330221,"['ABL1', 'OGT', 'CDKN2A', 'EIF4G1']"
266,HPA:0600432,"['CDKN2A', 'EIF4G1']"
267,GO:0070727,"['EIF4G1', 'ABL1', 'CDKN2A', 'MAPT', 'RTN4', 'OGT']"
268,REAC:R-HSA-5633007,['CDKN2A']
269,GO:0030659,[]
270,HPA:0100121,"['EIF4G1', 'ABL1', 'CDKN2A', 'RTN4', 'OGT']"
271,GO:0032870,['OGT']
272,GO:0010975,"['RTN4', 'ABL1', 'MAPT']"
273,GO:0000793,[]
274,GO:0032868,['OGT']
275,GO:0043233,"['ABL1', 'MAPT', 'OGT', 'CDKN2A']"
276,GO:0016567,"['ABL1', 'CDKN2A', 'OGT']"
277,GO:0003824,"['ABL1', 'OGT', 'CDKN2A']"
278,GO:0019903,['MAPT']
279,GO:0043124,['ABL1']
280,GO:0004860,['CDKN2A']
281,GO:0007169,"['RTN4', 'ABL1', 'OGT']"
282,GO:0010557,"['EIF4G1', 'ABL1', 'CDKN2A', 'RTN4', 'OGT']"
283,HPA:0340461,"['ABL1', 'CDKN2A', 'EIF4G1']"
284,GO:0097191,[]
285,GO:0019221,[]
286,GO:0042802,"['RTN4', 'MAPT', 'EIF4G1']"
287,HPA:0050051,"['EIF4G1', 'ABL1', 'CDKN2A', 'MAPT', 'OGT']"
288,GO:0070013,"['ABL1', 'MAPT', 'OGT', 'CDKN2A']"
289,GO:0051239,"['ABL1', 'CDKN2A', 'MAPT', 'RTN4', 'OGT', 'DAPL1']"
290,GO:0010243,"['ABL1', 'OGT']"
291,GO:0044248,"['EIF4G1', 'ABL1', 'OGT', 'MAPT', 'CDKN2A', 'DAPL1']"
292,GO:0031625,['RTN4']
293,GO:0000209,['CDKN2A']
294,GO:0022607,"['EIF4G1', 'ABL1', 'MAPT', 'RTN4', 'OGT']"
295,GO:0010646,"['ABL1', 'CDKN2A', 'MAPT', 'RTN4', 'OGT']"
296,GO:0022407,"['ABL1', 'CDKN2A', 'DAPL1']"
297,GO:0030182,"['EIF4G1', 'ABL1', 'TUG1', 'MAPT', 'RTN4']"
298,GO:1903131,"['ABL1', 'CDKN2A']"
299,GO:0099080,"['MAPT', 'EIF4G1']"
300,HPA:0470672,[]
301,GO:0051179,"['EIF4G1', 'ABL1', 'CDKN2A', 'MAPT', 'RTN4', 'OGT']"
302,GO:0010033,"['ABL1', 'OGT', 'EIF4G1']"
303,GO:0045597,"['MAPT', 'EIF4G1']"
304,GO:0043226,"['EIF4G1', 'ABL1', 'CDKN2A', 'TUG1', 'MAPT', 'RTN4', 'OGT']"
305,GO:0050865,"['ABL1', 'CDKN2A', 'DAPL1']"
306,GO:0071496,"['OGT', 'EIF4G1', 'DAPL1']"
307,GO:0048285,['MAPT']
308,HPA:0040081,"['ABL1', 'OGT', 'CDKN2A', 'EIF4G1']"
309,WP:WP2034,[]
310,GO:0005488,"['EIF4G1', 'ABL1', 'CDKN2A', 'MAPT', 'RTN4', 'OGT', 'DAPL1']"
311,GO:0007154,"['EIF4G1', 'ABL1', 'CDKN2A', 'MAPT', 'RTN4', 'OGT', 'DAPL1']"
312,GO:0019538,"['EIF4G1', 'ABL1', 'CDKN2A', 'MAPT', 'RTN4', 'OGT', 'DAPL1']"
313,GO:0043068,"['ABL1', 'CDKN2A']"
314,GO:0051336,"['ABL1', 'CDKN2A', 'MAPT']"
315,GO:0015631,['MAPT']
316,GO:0051235,['ABL1']
317,GO:0030136,[]
318,GO:0005622,"['EIF4G1', 'ABL1', 'CDKN2A', 'TUG1', 'MAPT', 'RTN4', 'OGT']"
319,GO:0015630,['MAPT']
320,GO:0050807,"['ABL1', 'OGT', 'EIF4G1']"
321,REAC:R-HSA-1257604,[]
322,GO:0043232,"['EIF4G1', 'ABL1', 'CDKN2A', 'MAPT', 'OGT']"
323,GO:0006351,"['ABL1', 'OGT', 'CDKN2A']"
324,GO:0031669,"['OGT', 'EIF4G1', 'DAPL1']"
325,GO:0016310,"['ABL1', 'MAPT', 'CDKN2A', 'EIF4G1']"
326,GO:0040007,"['EIF4G1', 'ABL1', 'MAPT', 'RTN4', 'CDKN2A']"
327,GO:0022008,"['EIF4G1', 'ABL1', 'TUG1', 'MAPT', 'RTN4']"
328,HPA:0620000,"['ABL1', 'OGT', 'EIF4G1', 'DAPL1']"
329,GO:0023051,"['ABL1', 'CDKN2A', 'MAPT', 'RTN4', 'OGT']"
330,GO:0071310,"['ABL1', 'OGT']"
331,GO:0046777,['ABL1']
332,GO:0051100,[]
333,HPA:0470000,"['OGT', 'CDKN2A', 'EIF4G1']"
334,GO:0043207,"['RTN4', 'ABL1']"
335,GO:0018105,['EIF4G1']
336,GO:0019899,"['ABL1', 'RTN4', 'MAPT', 'CDKN2A']"
337,GO:0032501,"['EIF4G1', 'ABL1', 'CDKN2A', 'TUG1', 'MAPT', 'RTN4', 'OGT', 'DAPL1']"
338,GO:0030154,"['EIF4G1', 'ABL1', 'CDKN2A', 'TUG1', 'MAPT', 'RTN4', 'OGT', 'DAPL1']"
339,GO:0000819,[]
340,GO:0043065,"['ABL1', 'CDKN2A']"
341,GO:0044238,"['EIF4G1', 'ABL1', 'CDKN2A', 'MAPT', 'RTN4', 'OGT', 'DAPL1']"
342,GO:0009607,"['RTN4', 'ABL1']"
343,REAC:R-HSA-162582,"['RTN4', 'ABL1', 'EIF4G1']"
344,GO:0032409,[]
345,WP:WP1742,"['ABL1', 'CDKN2A']"
346,GO:0034765,['ABL1']
347,HPA:0030000,"['EIF4G1', 'ABL1', 'CDKN2A', 'MAPT', 'OGT']"
348,HPA:0080121,"['EIF4G1', 'ABL1', 'CDKN2A', 'RTN4', 'OGT']"
349,GO:0071456,['RTN4']
350,GO:0050803,"['ABL1', 'OGT', 'EIF4G1']"
351,GO:0043524,[]
352,GO:0043231,"['EIF4G1', 'ABL1', 'CDKN2A', 'TUG1', 'MAPT', 'RTN4', 'OGT']"
353,GO:0051403,[]
354,GO:1905475,['OGT']
355,GO:0045785,['ABL1']
356,GO:0010605,"['EIF4G1', 'ABL1', 'CDKN2A', 'MAPT', 'RTN4', 'OGT', 'DAPL1']"
357,GO:0050435,['RTN4']
358,GO:2001242,[]
359,REAC:R-HSA-449147,[]
360,GO:0051223,['CDKN2A']
361,GO:0051098,"['ABL1', 'EIF4G1']"
362,GO:0016043,"['EIF4G1', 'ABL1', 'CDKN2A', 'MAPT', 'RTN4', 'OGT']"
363,HP:5200241,"['MAPT', 'CDKN2A', 'EIF4G1']"
364,GO:0043168,"['ABL1', 'OGT', 'EIF4G1']"
365,GO:0032446,"['ABL1', 'CDKN2A', 'OGT']"
366,GO:0034654,"['ABL1', 'OGT', 'CDKN2A']"
367,GO:0032102,[]
368,GO:0031346,"['ABL1', 'MAPT']"
369,GO:0001944,"['RTN4', 'ABL1']"
370,WP:WP5098,['CDKN2A']
371,GO:0010628,"['EIF4G1', 'ABL1', 'CDKN2A', 'RTN4', 'OGT']"
372,GO:1903322,['CDKN2A']
373,GO:0030163,"['CDKN2A', 'OGT']"
374,GO:0070201,"['MAPT', 'CDKN2A']"
375,GO:0006796,"['EIF4G1', 'ABL1', 'CDKN2A', 'MAPT', 'OGT']"
376,GO:0010638,"['ABL1', 'MAPT']"
377,GO:0042063,"['RTN4', 'ABL1', 'MAPT']"
378,GO:0042803,['RTN4']
379,GO:1902105,"['ABL1', 'CDKN2A']"
380,GO:0008283,"['RTN4', 'ABL1', 'CDKN2A']"
381,HP:0012639,"['MAPT', 'OGT', 'CDKN2A', 'EIF4G1']"
382,GO:0006810,"['ABL1', 'MAPT', 'CDKN2A']"
383,HPA:0030071,"['ABL1', 'OGT', 'CDKN2A', 'EIF4G1']"
384,GO:0008104,"['EIF4G1', 'ABL1', 'CDKN2A', 'MAPT', 'RTN4', 'OGT']"
385,GO:0022898,[]
386,GO:1901564,"['EIF4G1', 'ABL1', 'CDKN2A', 'MAPT', 'RTN4', 'OGT', 'DAPL1']"
387,GO:0045765,"['RTN4', 'ABL1']"
388,GO:0036211,"['EIF4G1', 'ABL1', 'CDKN2A', 'MAPT', 'OGT']"
389,HPA:0291161,"['ABL1', 'CDKN2A', 'EIF4G1']"
390,HPA:0500000,"['RTN4', 'MAPT', 'EIF4G1']"
391,GO:0032535,"['RTN4', 'ABL1', 'MAPT']"
392,GO:0050896,"['EIF4G1', 'ABL1', 'CDKN2A', 'MAPT', 'RTN4', 'OGT', 'DAPL1']"
393,GO:0007399,"['EIF4G1', 'ABL1', 'TUG1', 'MAPT', 'RTN4', 'OGT']"
394,GO:0051924,['ABL1']
395,REAC:R-HSA-109606,['CDKN2A']
396,GO:1904062,['ABL1']
397,GO:0051248,"['EIF4G1', 'ABL1', 'CDKN2A', 'MAPT', 'RTN4', 'OGT', 'DAPL1']"
398,GO:0104004,[]
399,KEGG:05163,['CDKN2A']
400,HP:0002011,"['MAPT', 'OGT', 'CDKN2A', 'EIF4G1']"
401,GO:0051234,"['ABL1', 'MAPT', 'CDKN2A']"
402,HPA:0630221,"['ABL1', 'OGT', 'EIF4G1']"
403,GO:0051050,['ABL1']
404,GO:0043228,"['EIF4G1', 'ABL1', 'CDKN2A', 'MAPT', 'OGT']"
405,GO:0065010,[]
406,GO:0033135,['EIF4G1']
407,GO:0007254,[]
408,GO:0048871,"['ABL1', 'OGT', 'EIF4G1']"
409,WP:WP710,"['ABL1', 'CDKN2A']"
410,HPA:0170052,"['ABL1', 'CDKN2A', 'EIF4G1']"
411,GO:0042177,['OGT']
412,GO:0034762,['ABL1']
413,GO:0000151,[]
414,GO:0043549,"['ABL1', 'CDKN2A', 'MAPT']"
415,GO:0140678,['CDKN2A']
416,GO:0048518,"['EIF4G1', 'ABL1', 'CDKN2A', 'MAPT', 'RTN4', 'OGT']"
417,GO:0050821,"['RTN4', 'CDKN2A']"
418,GO:0051099,"['ABL1', 'EIF4G1']"
419,GO:0018205,['CDKN2A']
420,GO:0040012,"['RTN4', 'ABL1', 'OGT']"
421,GO:0030334,"['RTN4', 'ABL1', 'OGT']"
422,GO:0051726,"['ABL1', 'CDKN2A', 'EIF4G1']"
423,HPA:0220000,"['EIF4G1', 'ABL1', 'CDKN2A', 'OGT', 'DAPL1']"
424,GO:0009896,[]
425,GO:0032559,"['ABL1', 'EIF4G1']"
426,GO:0012506,[]
427,GO:0002757,"['RTN4', 'ABL1']"
428,GO:0010632,"['RTN4', 'ABL1']"
429,GO:0043254,"['ABL1', 'EIF4G1', 'MAPT']"
430,GO:1901265,"['ABL1', 'EIF4G1']"
431,GO:0002020,[]
432,GO:2000058,"['CDKN2A', 'OGT']"
433,GO:0012501,"['ABL1', 'CDKN2A', 'RTN4', 'OGT', 'DAPL1']"
434,GO:0070887,"['ABL1', 'RTN4', 'MAPT', 'OGT']"
435,HPA:0170051,"['EIF4G1', 'ABL1', 'CDKN2A', 'OGT', 'DAPL1']"
436,HPA:0250121,"['RTN4', 'ABL1', 'CDKN2A']"
437,GO:0009719,"['ABL1', 'MAPT', 'OGT']"
438,GO:0023057,"['ABL1', 'MAPT', 'OGT']"
439,GO:2001141,"['ABL1', 'OGT', 'CDKN2A']"
440,KEGG:04659,[]
441,GO:0006997,"['RTN4', 'CDKN2A']"
442,GO:0001933,"['ABL1', 'CDKN2A', 'EIF4G1']"
443,REAC:R-HSA-168256,"['ABL1', 'EIF4G1']"
444,HPA:0190221,"['EIF4G1', 'ABL1', 'CDKN2A', 'OGT', 'DAPL1']"
445,GO:0198738,['ABL1']
446,GO:0045766,"['RTN4', 'ABL1']"
447,GO:0051093,"['RTN4', 'MAPT', 'OGT', 'CDKN2A']"
448,HPA:0600441,"['ABL1', 'OGT', 'CDKN2A', 'EIF4G1']"
449,GO:1900180,['CDKN2A']
450,GO:2000147,"['RTN4', 'ABL1']"
451,GO:0046903,[]
452,WP:WP3932,[]
453,GO:0045088,['RTN4']
454,GO:0050793,"['EIF4G1', 'ABL1', 'CDKN2A', 'TUG1', 'MAPT', 'RTN4', 'OGT']"
455,GO:0070062,[]
456,REAC:R-HSA-3700989,['CDKN2A']
457,GO:0098657,['ABL1']
458,GO:2001235,[]
459,GO:0044770,"['CDKN2A', 'EIF4G1']"
460,GO:0080090,"['EIF4G1', 'ABL1', 'CDKN2A', 'MAPT', 'RTN4', 'OGT', 'DAPL1']"
461,GO:0030183,['ABL1']
462,GO:0043067,"['RTN4', 'ABL1', 'OGT', 'CDKN2A']"
463,GO:0019439,"['OGT', 'CDKN2A']"
464,GO:0018130,"['ABL1', 'OGT', 'CDKN2A']"
465,GO:0043086,"['ABL1', 'CDKN2A', 'MAPT']"
466,GO:0002764,"['RTN4', 'ABL1']"
467,GO:0005737,"['EIF4G1', 'ABL1', 'CDKN2A', 'TUG1', 'MAPT', 'RTN4', 'OGT']"
468,GO:0001934,"['ABL1', 'EIF4G1']"
469,GO:0035295,"['RTN4', 'ABL1', 'EIF4G1']"
470,GO:0017076,"['ABL1', 'EIF4G1']"
471,GO:0032182,[]
472,GO:0006913,['CDKN2A']
473,HPA:0040082,['EIF4G1']
474,HPA:0461442,[]
475,GO:0042176,['OGT']
476,GO:0004672,['ABL1']
477,GO:0098562,[]
478,GO:0051171,"['EIF4G1', 'ABL1', 'CDKN2A', 'MAPT', 'RTN4', 'OGT', 'DAPL1']"
479,GO:0001525,"['RTN4', 'ABL1']"
480,GO:0009314,[]
481,GO:0070372,['ABL1']
482,GO:0019725,"['RTN4', 'ABL1', 'OGT']"
483,GO:0044093,"['ABL1', 'MAPT', 'CDKN2A', 'EIF4G1']"
484,HPA:0170000,"['EIF4G1', 'ABL1', 'CDKN2A', 'OGT', 'DAPL1']"
485,GO:0048856,"['EIF4G1', 'ABL1', 'CDKN2A', 'TUG1', 'MAPT', 'RTN4', 'OGT']"
486,GO:0051047,[]
487,GO:0008285,['CDKN2A']
488,GO:0048468,"['ABL1', 'CDKN2A', 'TUG1', 'MAPT', 'RTN4', 'OGT']"
489,GO:0006606,[]
490,GO:0140677,[]
491,HP:5200230,"['MAPT', 'CDKN2A']"
492,GO:0071453,['RTN4']
493,GO:0051090,['CDKN2A']
494,GO:0031072,['MAPT']
495,GO:0048584,"['RTN4', 'ABL1', 'OGT', 'CDKN2A']"
496,GO:0030030,"['RTN4', 'MAPT', 'ABL1']"
497,GO:0051249,"['ABL1', 'CDKN2A', 'DAPL1']"
498,GO:0098772,['CDKN2A']
499,GO:0098978,"['RTN4', 'OGT']"
500,GO:1903561,[]
501,GO:0002683,"['CDKN2A', 'DAPL1']"
502,GO:0043542,['ABL1']
503,GO:0045321,"['ABL1', 'CDKN2A', 'MAPT', 'DAPL1']"
504,GO:0010562,"['ABL1', 'EIF4G1', 'MAPT']"
505,GO:0043230,[]
506,GO:0045861,"['CDKN2A', 'OGT']"
507,GO:1901653,['OGT']
508,GO:0032388,[]
509,GO:0140693,[]
510,GO:0019207,['CDKN2A']
511,GO:0009991,"['OGT', 'EIF4G1', 'DAPL1']"
512,GO:0002376,"['ABL1', 'MAPT', 'RTN4', 'CDKN2A', 'DAPL1']"
513,WP:WP4674,['CDKN2A']
514,GO:0031326,"['EIF4G1', 'ABL1', 'CDKN2A', 'MAPT', 'RTN4', 'OGT', 'DAPL1']"
515,GO:0030155,"['ABL1', 'CDKN2A', 'DAPL1']"
516,HPA:0380511,"['ABL1', 'CDKN2A', 'EIF4G1']"
517,GO:2001234,[]
518,GO:0070371,['ABL1']
519,GO:0090130,"['RTN4', 'ABL1']"
520,GO:0009617,['ABL1']
521,GO:0006950,"['EIF4G1', 'ABL1', 'MAPT', 'RTN4', 'CDKN2A', 'DAPL1']"
522,GO:0019887,['CDKN2A']
523,GO:0015031,['CDKN2A']
524,GO:0051345,"['MAPT', 'CDKN2A']"
525,GO:0048666,"['RTN4', 'ABL1', 'TUG1', 'MAPT']"
526,GO:0002684,"['RTN4', 'ABL1']"
527,GO:0016605,[]
528,GO:0042325,"['ABL1', 'MAPT', 'CDKN2A', 'EIF4G1']"
529,GO:0032943,"['ABL1', 'CDKN2A']"
530,GO:0043433,['CDKN2A']
531,HPA:0600222,"['ABL1', 'OGT', 'CDKN2A', 'EIF4G1']"
532,GO:0042110,"['ABL1', 'CDKN2A', 'DAPL1']"
533,GO:0140014,[]
534,GO:0045596,"['RTN4', 'CDKN2A']"
535,GO:0099512,['MAPT']
536,GO:0032880,"['EIF4G1', 'OGT', 'MAPT', 'RTN4', 'CDKN2A']"
537,GO:0031348,[]
538,KEGG:05170,[]
539,GO:0007166,"['RTN4', 'ABL1', 'OGT']"
540,GO:1903039,['ABL1']
541,GO:1903052,[]
542,GO:0050801,['ABL1']
543,GO:0048858,"['RTN4', 'ABL1', 'MAPT']"
544,REAC:R-HSA-6785807,[]
545,GO:1990000,"['MAPT', 'CDKN2A']"
546,GO:0001817,"['RTN4', 'ABL1']"
547,GO:0000165,['ABL1']
548,GO:0009615,[]
549,GO:0120035,"['RTN4', 'ABL1', 'MAPT']"
550,GO:0051087,['MAPT']
551,GO:0050863,"['ABL1', 'CDKN2A', 'DAPL1']"
552,GO:1903047,"['CDKN2A', 'EIF4G1']"
553,GO:0007249,['ABL1']
554,GO:0007010,"['MAPT', 'ABL1']"
555,GO:0097367,"['ABL1', 'EIF4G1']"
556,GO:0141124,"['ABL1', 'CDKN2A', 'MAPT', 'RTN4', 'OGT']"
557,GO:0048523,"['EIF4G1', 'ABL1', 'CDKN2A', 'MAPT', 'RTN4', 'OGT', 'DAPL1']"
558,GO:0010639,['MAPT']
559,WP:WP4172,[]
560,HPA:0380512,"['CDKN2A', 'EIF4G1']"
561,GO:0007049,"['ABL1', 'CDKN2A', 'EIF4G1']"
562,REAC:R-HSA-2262752,['CDKN2A']
563,GO:0034249,"['RTN4', 'EIF4G1', 'DAPL1']"
564,GO:0009894,"['EIF4G1', 'ABL1', 'OGT', 'MAPT', 'CDKN2A', 'DAPL1']"
565,GO:0101002,[]
566,GO:1903532,[]
567,GO:0005635,"['RTN4', 'ABL1', 'TUG1']"
568,GO:0044087,"['ABL1', 'MAPT', 'OGT', 'EIF4G1']"
569,HPA:0010000,"['ABL1', 'MAPT', 'OGT', 'EIF4G1']"
570,GO:0051094,"['EIF4G1', 'ABL1', 'MAPT', 'RTN4', 'OGT']"
571,GO:0042326,"['ABL1', 'CDKN2A', 'EIF4G1', 'MAPT']"
572,GO:0043491,['RTN4']
573,GO:0062012,['OGT']
574,GO:0044877,"['ABL1', 'MAPT', 'OGT', 'DAPL1']"
575,GO:0045935,"['ABL1', 'OGT', 'CDKN2A']"
576,GO:0019220,"['EIF4G1', 'ABL1', 'CDKN2A', 'MAPT', 'OGT']"
577,GO:0031401,"['ABL1', 'CDKN2A', 'EIF4G1']"
578,WP:WP4806,[]
579,HPA:0510701,"['RTN4', 'MAPT']"
580,GO:0051402,['ABL1']
581,GO:0044772,"['CDKN2A', 'EIF4G1']"
582,GO:0009266,['MAPT']
583,GO:0120036,"['RTN4', 'MAPT', 'ABL1']"
584,GO:0009653,"['TUG1', 'MAPT', 'ABL1', 'RTN4']"
585,GO:0060255,"['EIF4G1', 'ABL1', 'CDKN2A', 'MAPT', 'RTN4', 'OGT', 'DAPL1']"
586,GO:0005815,[]
587,GO:0010038,['MAPT']
588,GO:0030139,[]
589,GO:0008092,"['ABL1', 'MAPT']"
590,HPA:0220051,"['EIF4G1', 'ABL1', 'CDKN2A', 'OGT', 'DAPL1']"
591,GO:0005813,[]
592,GO:0042221,"['EIF4G1', 'ABL1', 'MAPT', 'RTN4', 'OGT', 'DAPL1']"
593,GO:0008625,[]
594,GO:0051254,"['ABL1', 'OGT', 'CDKN2A']"
595,GO:0042995,"['ABL1', 'RTN4', 'MAPT', 'OGT']"
596,GO:0051603,"['OGT', 'CDKN2A']"
597,GO:0034599,"['ABL1', 'MAPT']"
598,GO:0051346,['ABL1']
599,GO:0051247,"['EIF4G1', 'ABL1', 'CDKN2A', 'MAPT', 'OGT']"
600,GO:2000116,"['MAPT', 'CDKN2A']"
601,GO:0007267,"['RTN4', 'MAPT', 'ABL1']"
602,GO:0032092,['ABL1']
603,GO:0036293,['RTN4']
604,GO:0048522,"['EIF4G1', 'ABL1', 'CDKN2A', 'MAPT', 'RTN4', 'OGT']"
605,GO:0031399,"['EIF4G1', 'ABL1', 'CDKN2A', 'MAPT', 'OGT']"
606,GO:0050670,['CDKN2A']
607,GO:0023052,"['ABL1', 'CDKN2A', 'MAPT', 'RTN4', 'OGT', 'DAPL1']"
608,GO:0019902,['MAPT']
609,GO:0001775,"['ABL1', 'MAPT', 'CDKN2A', 'DAPL1']"
610,HPA:0600431,"['ABL1', 'OGT', 'CDKN2A', 'EIF4G1']"
611,GO:0043500,[]
612,WP:WP4298,"['ABL1', 'EIF4G1']"
613,GO:0048511,['OGT']
614,GO:0005654,"['ABL1', 'MAPT', 'OGT', 'CDKN2A']"
615,GO:0071495,"['ABL1', 'MAPT', 'OGT']"
616,GO:0010564,"['CDKN2A', 'EIF4G1']"
617,GO:0065009,"['ABL1', 'MAPT', 'CDKN2A', 'EIF4G1']"
618,GO:1901565,"['CDKN2A', 'OGT']"
619,HPA:0330222,"['OGT', 'CDKN2A', 'EIF4G1']"
620,GO:1902554,[]
621,HPA:0630000,"['ABL1', 'OGT', 'CDKN2A', 'EIF4G1']"
622,GO:0046700,"['OGT', 'CDKN2A']"
623,GO:0042327,"['ABL1', 'EIF4G1', 'MAPT']"
624,GO:0030111,['ABL1']
625,GO:0048519,"['EIF4G1', 'ABL1', 'CDKN2A', 'MAPT', 'RTN4', 'OGT', 'DAPL1']"
626,HPA:0310000,"['ABL1', 'OGT', 'CDKN2A', 'EIF4G1']"
627,GO:0070661,"['ABL1', 'CDKN2A']"
628,REAC:R-HSA-1280215,['EIF4G1']
629,GO:0046907,"['MAPT', 'CDKN2A']"
630,GO:0032103,['RTN4']
631,GO:0032553,"['ABL1', 'EIF4G1']"
632,WP:WP5115,[]
633,WP:WP304,['MAPT']
634,GO:0071887,['CDKN2A']
635,GO:0050727,[]
636,GO:0051493,"['ABL1', 'MAPT']"
637,HPA:0460000,"['OGT', 'CDKN2A', 'EIF4G1', 'DAPL1']"
638,GO:0070925,['MAPT']
639,GO:0052547,"['MAPT', 'CDKN2A']"
640,GO:0034605,['MAPT']
641,GO:1903050,"['CDKN2A', 'OGT']"
642,GO:0022409,['ABL1']
643,HPA:0050011,['OGT']
644,GO:0120025,"['RTN4', 'MAPT', 'ABL1']"
645,HPA:0390000,"['ABL1', 'OGT', 'CDKN2A', 'EIF4G1']"
646,GO:0010647,"['RTN4', 'ABL1', 'OGT', 'CDKN2A']"
647,GO:0051649,"['ABL1', 'MAPT', 'CDKN2A']"
648,GO:0070588,['ABL1']
649,KEGG:05162,[]
650,KEGG:05235,[]
651,GO:0036294,['RTN4']
652,GO:0010035,"['ABL1', 'MAPT']"
653,GO:0048869,"['EIF4G1', 'ABL1', 'CDKN2A', 'TUG1', 'MAPT', 'RTN4', 'OGT', 'DAPL1']"
654,GO:0001932,"['ABL1', 'CDKN2A', 'EIF4G1']"
655,GO:0071901,"['ABL1', 'CDKN2A']"
656,GO:0045087,['RTN4']
657,GO:0030098,"['ABL1', 'CDKN2A']"
658,GO:0098771,['ABL1']
659,HPA:0390051,"['ABL1', 'OGT', 'CDKN2A', 'EIF4G1']"
660,GO:0050870,['ABL1']
661,HPA:0180051,"['EIF4G1', 'ABL1', 'CDKN2A', 'OGT', 'DAPL1']"
662,GO:0060090,"['MAPT', 'ABL1', 'EIF4G1']"
663,GO:0034612,[]
664,GO:1903829,"['RTN4', 'MAPT', 'CDKN2A', 'EIF4G1']"
665,GO:2001236,[]
666,GO:0050673,['RTN4']
667,GO:1903037,"['ABL1', 'CDKN2A', 'DAPL1']"
668,GO:0048812,"['RTN4', 'ABL1', 'MAPT']"
669,GO:0030674,"['MAPT', 'ABL1']"
670,WP:WP3611,['CDKN2A']
671,GO:0009967,"['RTN4', 'ABL1', 'OGT', 'CDKN2A']"
672,GO:0045859,"['ABL1', 'CDKN2A']"
673,GO:0018209,['EIF4G1']
674,GO:0019941,"['OGT', 'CDKN2A']"
675,GO:0055082,"['RTN4', 'ABL1', 'OGT']"
676,GO:1904951,[]
677,WP:WP5087,"['OGT', 'EIF4G1', 'CDKN2A']"
678,GO:0016055,['ABL1']
679,GO:0045944,"['ABL1', 'OGT', 'CDKN2A']"
680,GO:0016301,"['ABL1', 'CDKN2A']"
681,GO:1901698,"['ABL1', 'OGT']"
682,GO:1904036,['ABL1']
683,GO:0005886,"['RTN4', 'MAPT', 'OGT']"
684,GO:0007417,"['RTN4', 'ABL1', 'MAPT']"
685,GO:0046824,[]
686,GO:0019219,"['ABL1', 'OGT', 'CDKN2A']"
687,GO:0048708,"['ABL1', 'MAPT']"
688,HPA:0190000,"['EIF4G1', 'ABL1', 'CDKN2A', 'OGT', 'DAPL1']"
689,GO:0034248,"['RTN4', 'OGT', 'EIF4G1', 'DAPL1']"
690,GO:0036477,"['ABL1', 'MAPT']"
691,GO:0030097,"['ABL1', 'OGT', 'CDKN2A']"
692,GO:0040017,"['RTN4', 'ABL1']"
693,GO:0006915,"['ABL1', 'CDKN2A', 'RTN4', 'OGT', 'DAPL1']"
694,GO:0065007,"['EIF4G1', 'ABL1', 'CDKN2A', 'TUG1', 'MAPT', 'RTN4', 'OGT', 'DAPL1']"
695,WP:WP5180,['MAPT']
696,GO:0042060,[]
697,HPA:0300000,"['ABL1', 'OGT', 'CDKN2A', 'EIF4G1']"
698,GO:0051707,"['RTN4', 'ABL1']"
699,GO:0044270,"['OGT', 'CDKN2A']"
700,HPA:0610831,"['ABL1', 'OGT', 'CDKN2A', 'EIF4G1']"
701,WP:WP4666,[]
702,GO:0071417,"['ABL1', 'OGT']"
703,GO:0009891,"['EIF4G1', 'ABL1', 'CDKN2A', 'RTN4', 'OGT']"
704,GO:0031324,"['EIF4G1', 'ABL1', 'CDKN2A', 'MAPT', 'OGT', 'DAPL1']"
705,GO:0006109,['OGT']
706,GO:0036094,"['RTN4', 'ABL1', 'OGT', 'EIF4G1']"
707,GO:2000026,"['ABL1', 'RTN4', 'MAPT', 'CDKN2A']"
708,GO:0032555,"['ABL1', 'EIF4G1']"
709,GO:0046983,['RTN4']
710,GO:0044297,"['ABL1', 'MAPT']"
711,GO:0008219,"['ABL1', 'CDKN2A', 'RTN4', 'OGT', 'DAPL1']"
712,GO:0043066,['ABL1']
713,GO:0002573,[]
714,KEGG:05169,[]
715,GO:0009611,[]
716,GO:0052548,"['MAPT', 'CDKN2A']"
717,GO:0008047,[]
718,GO:0070848,"['ABL1', 'OGT', 'MAPT']"
719,GO:0051716,"['EIF4G1', 'ABL1', 'CDKN2A', 'MAPT', 'RTN4', 'OGT', 'DAPL1']"
720,GO:0043170,"['EIF4G1', 'ABL1', 'CDKN2A', 'MAPT', 'RTN4', 'OGT', 'DAPL1']"
721,GO:0140535,"['OGT', 'EIF4G1']"
722,GO:0032774,"['ABL1', 'OGT', 'CDKN2A']"
723,GO:0006897,['ABL1']
724,GO:0051174,"['EIF4G1', 'ABL1', 'CDKN2A', 'MAPT', 'OGT']"
725,GO:1902531,"['ABL1', 'CDKN2A', 'MAPT', 'RTN4', 'OGT']"
726,GO:0007165,"['ABL1', 'CDKN2A', 'MAPT', 'RTN4', 'OGT', 'DAPL1']"
727,GO:2000060,[]
728,GO:0071356,[]
729,GO:1902680,"['ABL1', 'OGT', 'CDKN2A']"
730,REAC:R-HSA-5663205,['ABL1']
731,GO:0033674,"['ABL1', 'MAPT']"
732,GO:0019900,"['ABL1', 'MAPT', 'CDKN2A']"
733,HPA:0160000,"['ABL1', 'OGT', 'CDKN2A', 'EIF4G1']"
734,GO:0010604,"['EIF4G1', 'ABL1', 'CDKN2A', 'MAPT', 'RTN4', 'OGT']"
735,GO:0032502,"['EIF4G1', 'ABL1', 'CDKN2A', 'TUG1', 'MAPT', 'RTN4', 'OGT', 'DAPL1']"
736,GO:0090066,"['RTN4', 'ABL1', 'MAPT']"
737,HPA:0100201,"['ABL1', 'OGT', 'CDKN2A', 'EIF4G1']"
738,GO:0072359,"['RTN4', 'ABL1']"
739,GO:0030135,[]
740,HP:0000006,"['ABL1', 'MAPT', 'CDKN2A', 'EIF4G1']"
741,GO:0045184,"['MAPT', 'CDKN2A']"
742,GO:0000166,"['ABL1', 'EIF4G1']"
743,GO:0097708,[]
744,GO:0045937,"['ABL1', 'EIF4G1', 'MAPT']"
745,KEGG:04213,[]
746,GO:1904018,"['RTN4', 'ABL1']"
747,GO:0062197,"['ABL1', 'MAPT']"
748,GO:0106310,[]
749,REAC:R-HSA-109581,"['MAPT', 'CDKN2A']"
750,GO:0002682,"['RTN4', 'ABL1', 'CDKN2A', 'DAPL1']"
751,GO:0009408,['MAPT']
752,GO:0080135,"['ABL1', 'CDKN2A', 'EIF4G1', 'MAPT']"
753,GO:0000226,"['ABL1', 'MAPT']"
754,GO:0009628,"['RTN4', 'MAPT']"
755,GO:0034614,"['ABL1', 'MAPT']"
756,GO:0010468,"['EIF4G1', 'ABL1', 'CDKN2A', 'MAPT', 'RTN4', 'OGT', 'DAPL1']"
757,GO:0031983,[]
758,GO:0050789,"['EIF4G1', 'ABL1', 'CDKN2A', 'TUG1', 'MAPT', 'RTN4', 'OGT', 'DAPL1']"
759,GO:0031396,"['ABL1', 'CDKN2A', 'OGT']"
760,GO:0045893,"['ABL1', 'OGT', 'CDKN2A']"
761,GO:0010721,"['RTN4', 'CDKN2A']"
762,GO:0006508,"['MAPT', 'CDKN2A', 'OGT']"
763,GO:0009892,"['EIF4G1', 'ABL1', 'CDKN2A', 'MAPT', 'RTN4', 'OGT', 'DAPL1']"
764,GO:0000302,"['ABL1', 'MAPT']"
765,GO:0098687,[]
766,GO:0007610,"['ABL1', 'EIF4G1', 'MAPT']"
767,GO:0071705,['CDKN2A']
768,GO:0010648,"['ABL1', 'MAPT', 'OGT']"
769,HPA:0040000,"['ABL1', 'OGT', 'CDKN2A', 'EIF4G1']"
770,GO:0003713,['ABL1']
771,GO:0046651,"['ABL1', 'CDKN2A']"
772,WP:WP3915,[]
773,GO:0031334,"['MAPT', 'EIF4G1']"
774,GO:0035639,"['ABL1', 'EIF4G1']"
775,HPA:0220052,"['ABL1', 'OGT', 'CDKN2A', 'EIF4G1']"
776,GO:0033036,"['EIF4G1', 'ABL1', 'CDKN2A', 'MAPT', 'RTN4', 'OGT']"
777,GO:0071383,[]
778,GO:0048638,"['RTN4', 'ABL1', 'MAPT']"
779,GO:0016049,"['EIF4G1', 'ABL1', 'MAPT', 'RTN4', 'CDKN2A']"
780,GO:0002253,"['RTN4', 'ABL1']"
781,REAC:R-HSA-9006925,[]
782,GO:0060284,"['ABL1', 'TUG1', 'MAPT', 'RTN4', 'CDKN2A']"
783,HPA:0270351,"['ABL1', 'CDKN2A', 'EIF4G1']"
784,GO:0070482,['RTN4']
785,GO:0018193,"['ABL1', 'CDKN2A', 'EIF4G1']"
786,GO:1901342,"['RTN4', 'ABL1']"
787,HPA:0360000,"['ABL1', 'OGT', 'CDKN2A', 'EIF4G1']"
788,GO:0031344,"['RTN4', 'ABL1', 'MAPT']"
789,GO:1901700,"['ABL1', 'MAPT', 'OGT', 'EIF4G1']"
790,KEGG:05160,[]
791,GO:0051172,"['EIF4G1', 'ABL1', 'CDKN2A', 'MAPT', 'RTN4', 'OGT', 'DAPL1']"
792,GO:0048585,"['ABL1', 'OGT']"
793,GO:0032386,['CDKN2A']
794,GO:0010498,['OGT']
795,GO:0031400,"['EIF4G1', 'ABL1', 'CDKN2A', 'MAPT', 'OGT']"
796,GO:0033993,['ABL1']
797,GO:0051347,"['ABL1', 'MAPT']"
798,KEGG:05167,[]
799,GO:0044085,"['EIF4G1', 'ABL1', 'CDKN2A', 'MAPT', 'RTN4', 'OGT']"
800,GO:0033043,"['MAPT', 'ABL1']"
801,GO:0005634,"['EIF4G1', 'ABL1', 'CDKN2A', 'TUG1', 'MAPT', 'RTN4', 'OGT']"
802,GO:1903706,"['ABL1', 'CDKN2A']"
803,WP:WP4630,[]
804,GO:0048870,"['RTN4', 'ABL1', 'OGT']"
805,WP:WP3888,"['ABL1', 'EIF4G1']"
806,GO:0010720,['MAPT']
807,GO:1990234,['OGT']
808,WP:WP2261,['CDKN2A']
809,GO:0005856,"['MAPT', 'ABL1']"
810,GO:0071216,['ABL1']
811,GO:0071900,"['ABL1', 'CDKN2A']"
812,GO:0048471,['ABL1']
813,GO:0006952,"['RTN4', 'MAPT', 'EIF4G1']"
814,GO:0043229,"['EIF4G1', 'ABL1', 'CDKN2A', 'TUG1', 'MAPT', 'RTN4', 'OGT']"
815,GO:0009968,"['ABL1', 'OGT']"
816,GO:0009057,"['OGT', 'CDKN2A']"
817,GO:0008152,"['EIF4G1', 'ABL1', 'CDKN2A', 'MAPT', 'RTN4', 'OGT', 'DAPL1']"
818,HPA:0050000,"['EIF4G1', 'ABL1', 'CDKN2A', 'MAPT', 'OGT']"
819,GO:0044092,"['ABL1', 'MAPT', 'CDKN2A']"
820,GO:0009987,"['EIF4G1', 'ABL1', 'CDKN2A', 'TUG1', 'MAPT', 'RTN4', 'OGT', 'DAPL1']"
821,GO:0001816,"['RTN4', 'ABL1']"
822,GO:0016740,"['ABL1', 'OGT', 'CDKN2A']"
823,GO:1901363,"['ABL1', 'EIF4G1']"
824,GO:1901873,"['ABL1', 'CDKN2A', 'OGT']"
825,WP:WP673,['ABL1']
826,GO:0045927,"['MAPT', 'EIF4G1']"
827,GO:0048583,"['EIF4G1', 'ABL1', 'CDKN2A', 'MAPT', 'RTN4', 'OGT']"
828,REAC:R-HSA-8953897,['CDKN2A']
829,GO:0071375,['OGT']
830,HPA:0600221,"['EIF4G1', 'ABL1', 'CDKN2A', 'OGT', 'DAPL1']"
831,GO:0043167,"['RTN4', 'ABL1', 'OGT', 'EIF4G1']"
832,GO:0006807,"['EIF4G1', 'ABL1', 'CDKN2A', 'MAPT', 'RTN4', 'OGT', 'DAPL1']"
833,KEGG:05135,[]
834,GO:0098542,['RTN4']
835,GO:0048731,"['EIF4G1', 'ABL1', 'TUG1', 'MAPT', 'RTN4', 'OGT']"
836,GO:0033365,"['ABL1', 'CDKN2A', 'MAPT', 'RTN4', 'OGT']"
837,WP:WP4659,['CDKN2A']
838,GO:0051656,['MAPT']
839,GO:0031175,"['RTN4', 'ABL1', 'MAPT']"
840,GO:0006417,"['OGT', 'EIF4G1', 'DAPL1']"
841,GO:0010631,"['RTN4', 'ABL1']"
842,GO:1990778,"['OGT', 'EIF4G1']"
843,GO:0044271,"['EIF4G1', 'ABL1', 'CDKN2A', 'OGT', 'DAPL1']"
844,GO:0140297,['CDKN2A']
845,GO:0002039,['CDKN2A']
846,KEGG:05417,[]
847,GO:0004674,[]
848,REAC:R-HSA-162587,[]
849,GO:0030307,"['MAPT', 'EIF4G1']"
850,GO:0035556,"['ABL1', 'CDKN2A', 'MAPT', 'RTN4', 'OGT']"
851,GO:0000902,"['RTN4', 'ABL1', 'MAPT']"
852,GO:0045936,"['ABL1', 'CDKN2A', 'EIF4G1', 'MAPT']"
853,GO:0051641,"['EIF4G1', 'ABL1', 'CDKN2A', 'MAPT', 'RTN4', 'OGT']"
854,GO:0006468,"['ABL1', 'CDKN2A', 'EIF4G1']"
855,GO:0051252,"['ABL1', 'OGT', 'CDKN2A']"
856,GO:0030522,['RTN4']
857,GO:1901800,[]
858,GO:1902003,['RTN4']
859,KEGG:04215,[]
860,GO:0045637,[]
861,GO:0051046,[]
862,GO:0045860,['ABL1']
863,GO:0071407,['ABL1']
864,GO:0030099,[]
865,HPA:0530712,"['ABL1', 'CDKN2A', 'EIF4G1']"
866,GO:0006355,"['ABL1', 'OGT', 'CDKN2A']"
867,GO:0021782,['MAPT']
868,GO:0006469,"['ABL1', 'CDKN2A']"
869,GO:0010634,"['RTN4', 'ABL1']"
870,GO:0000779,[]
871,GO:0008630,['ABL1']
872,GO:0045786,"['ABL1', 'CDKN2A']"
873,HPA:0400000,"['EIF4G1', 'ABL1', 'CDKN2A', 'MAPT', 'RTN4', 'OGT', 'DAPL1']"
874,GO:0000278,"['ABL1', 'CDKN2A', 'EIF4G1']"
875,GO:0019904,"['ABL1', 'CDKN2A', 'MAPT', 'DAPL1']"
876,GO:0000070,[]
877,REAC:R-HSA-9824446,[]
878,GO:0071363,"['ABL1', 'OGT', 'MAPT']"
879,GO:0045202,"['EIF4G1', 'ABL1', 'MAPT', 'RTN4', 'OGT']"
880,GO:0097553,['ABL1']
881,GO:0010629,"['MAPT', 'EIF4G1', 'DAPL1']"
882,HPA:0350471,"['ABL1', 'OGT', 'CDKN2A', 'EIF4G1']"
883,WP:WP4549,"['CDKN2A', 'EIF4G1']"
884,GO:1904035,['ABL1']
885,GO:0071396,['ABL1']
886,GO:0048878,"['RTN4', 'ABL1', 'OGT']"
887,GO:1904019,['ABL1']
888,GO:0030234,['CDKN2A']
889,GO:0033673,"['ABL1', 'CDKN2A', 'MAPT']"
890,GO:1901652,['OGT']
891,GO:0010594,['ABL1']
892,GO:0032944,['CDKN2A']
893,GO:0030425,"['ABL1', 'MAPT']"
894,GO:1902532,['ABL1']
