,Uniprot IDs,Gene,Enriched
0,P00533,['EGFR'],[False]
1,P28482,['MAPK1'],[False]
2,P04626,['ERBB2'],[False]
3,P27361,['MAPK3'],[False]
4,P35222,['CTNNB1'],[False]
5,P01116,['KRAS'],[False]
6,Q16665,['HIF1A'],[False]
7,Q05397,['PTK2'],[False]
8,P12931,['SRC'],[False]
9,P03372,['ESR1'],[False]
10,P60484,['PTEN'],[False]
11,P61073,['CXCR4'],[False]
12,P42574,['CASP3'],[False]
13,P01137,['None'],[False]
14,O15392,['BIRC5'],[False]
15,P42224,['STAT1'],[False]
16,P05231,['IL6'],[False]
17,P63104,['YWHAZ'],[False]
18,Q04206,['RELA'],[False]
19,P10275,['AR'],[False]
20,P37231,['PPARG'],[False]
21,Q13547,['HDAC1'],[False]
22,P11021,['HSPA5'],[False]
23,P29317,['EPHA2'],[False]
24,P08253,['MMP2'],[False]
25,P10721,['KIT'],[False]
26,P01112,['HRAS'],[False]
27,P24385,['CCND1'],[False]
28,P38936,['CDKN1A'],[False]
29,P46531,['NOTCH1'],[False]
30,Q01094,['E2F1'],[False]
31,P06400,['RB1'],[False]
32,P31751,['AKT2'],[False]
33,P46937,['YAP1'],[False]
34,P98170,['XIAP'],[False]
35,P25054,['PSMC3IP'],[False]
36,Q08050,['FOXM1'],[False]
37,Q00534,['CDK6'],[False]
38,P11473,['VDR'],[False]
39,P08047,['SP1'],[False]
40,P05019,['IGF1'],[False]
41,P16220,['CREB1'],[False]
42,O15350,['TP73'],[False]
43,Q13153,['PAK1'],[False]
44,P84022,['SMAD3'],[False]
45,P46527,['CDKN1B'],[False]
46,Q93009,['USP7'],[False]
47,P01100,['FOS'],[False]
48,O15151,['MDM4'],[False]
49,P11166,['SLC2A1'],[False]
50,Q15910,['EZH2'],[False]
51,Q16611,['BAK1'],[False]
52,P0DMV9,['HSPA1B'],[False]
53,P16070,['CD44'],[False]
54,P04049,['RAF1'],[False]
55,P04150,['NR3C1'],[False]
56,P03956,['MMP1'],[False]
57,Q15717,['ELAVL1'],[False]
58,P15056,['BRAF'],[False]
59,Q96GD4,['AURKB'],[False]
60,P29590,['PML'],[False]
61,O43474,['KLF4'],[False]
62,Q16620,['NTRK2'],[False]
63,Q13485,['SMAD4'],[False]
64,Q13043,['STK4'],[False]
65,O15169,['AXIN1'],[False]
66,P35916,['FLT4'],[False]
67,P27986,['PIK3R1'],[False]
68,Q13177,['PAK2'],[False]
69,P01111,['NRAS'],[False]
70,O60885,['BRD4'],[False]
71,P37173,['TGFBR2'],[False]
72,P42226,['STAT6'],[False]
73,P14921,['ETS1'],[False]
74,Q13164,['MAPK7'],[False]
75,P06756,['ITGAV'],[False]
76,P14635,['CCNB1'],[False]
77,Q00987,['MDM2'],[False]
78,P53778,['MAPK12'],[False]
79,P09237,['MMP7'],[False]
80,P25490,['YY1'],[False]
81,P55211,['CASP9'],[False]
82,P07948,['LYN'],[False]
83,P19793,['RXRA'],[False]
84,P09038,['FGF2'],[False]
85,P36888,['FLT3'],[False]
86,P41743,['PRKCI'],[False]
87,Q15796,['SMAD2'],[False]
88,P63165,['SUMO1'],[False]
89,Q6R327,['RICTOR'],[False]
90,P98177,['FOXO4'],[False]
91,P52630,['STAT2'],[False]
92,P05067,['APP'],[False]
93,P06239,['LCK'],[False]
94,Q14258,['TRIM25'],[False]
95,P02545,['LMNA'],[False]
96,Q07912,['TNK2'],[False]
97,Q13469,['NFATC2'],[False]
98,P10451,['SPP1'],[False]
99,P35568,['IRS1'],[False]
100,Q99958,['FOXC2'],[False]
101,P56524,['HDAC4'],[False]
102,O14965,['AURKA'],[False]
103,Q00653,['NFKB2'],[False]
104,Q15843,['NEDD8'],[False]
105,Q9Y6K9,['IKBKG'],[False]
106,P60709,['ACTB'],[False]
107,P53350,['PLK1'],[False]
108,Q15109,['AGER'],[False]
109,P01009,['SERPINA1'],[False]
110,Q9Y261,['FOXA2'],[False]
111,P08631,['HCK'],[False]
112,P09651,['HNRNPA1'],[False]
113,P07355,['ANXA2'],[False]
114,Q9UKV8,['AGO2'],[False]
115,Q9BPZ7,['MAPKAP1'],[False]
116,P18075,['BMP7'],[False]
117,Q96RI1,['NR1H4'],[False]
118,O75469,['NR1I2'],[False]
119,Q9UPY3,['DICER1'],[False]
120,P40818,['USP8'],[False]
121,P55210,['CASP7'],[False]
122,P11233,['RALA'],[False]
123,P17947,['SPI1'],[False]
124,P21333,['FLNA'],[False]
125,P06401,['PGR'],[False]
126,P08235,['NR3C2'],[False]
127,P78362,['SRPK2'],[False]
128,P02511,['CRYAB'],[False]
129,Q8IVH8,['MAP4K3'],[False]
130,P04083,['ANXA1'],[False]
131,P21580,['TNFAIP3'],[False]
132,P50750,['CDK9'],[False]
133,P61587,['RND3'],[False]
134,Q15596,['NCOA2'],[False]
135,P52732,['KIF11'],[False]
136,O95071,['UBR5'],[False]
137,Q13148,['TARDBP'],[False]
138,P36952,['SERPINB5'],[False]
139,Q92793,['CREBBP'],[False]
140,P49918,['CDKN1C'],[False]
141,P25963,['NFKBIA'],[False]
142,P11940,['PABPC1'],[False]
143,Q15382,['RHEB'],[False]
144,Q13188,['STK3'],[False]
145,P43403,['ZAP70'],[False]
146,Q07812,['BAX'],[False]
147,Q9BY41,['HDAC8'],[False]
148,P62877,['RBX1'],[False]
149,P62330,['ARF6'],[False]
150,P27797,['CALR'],[False]
151,P04271,['S100B'],[False]
152,P06730,['EIF4E'],[False]
153,Q9UBK2,['PPARGC1A'],[False]
154,P04198,['MYCN'],[False]
155,P22626,['HNRNPA2B1'],[False]
156,P25024,['CXCR1'],[False]
157,O96019,['ACTL6A'],[False]
158,P32004,['L1CAM'],[False]
159,P49757,['NUMB'],[False]
160,P53779,['MAPK10'],[False]
161,P16035,['TIMP2'],[False]
162,P30291,['WEE1'],[False]
163,P23771,['GATA3'],[False]
164,O95835,['LATS1'],[False]
165,P30281,['CCND3'],[False]
166,P07550,['ADRB2'],[False]
167,P55042,['RRAD'],[False]
168,P20340,['RAB6A'],[False]
169,Q92731,['ESR2'],[False]
170,Q13568,['IRF5'],[False]
171,P51587,['BRCA2'],[False]
172,P04156,['PRNP'],[False]
173,O95718,['ESRRB'],[False]
174,Q15797,['SMAD1'],[False]
175,P05107,['ITGB2'],[False]
176,Q02363,['ID2'],[False]
177,Q9NQB0,['TCF7L2'],[False]
178,P18827,['SDC1'],[False]
179,P28300,['LOX'],[False]
180,Q9BRZ2,['TRIM56'],[False]
181,P80192,['MAP3K9'],[False]
182,P06748,['NPM1'],[False]
183,Q6GQQ9,['OTUD7B'],[False]
184,P15311,['EZR'],[False]
185,P14859,['POU2F1'],[False]
186,Q12834,['CDC20'],[False]
187,Q9UGL1,['KDM5B'],[False]
188,O00585,['CCL21'],[False]
189,P45985,['MAP2K4'],[False]
190,Q9UBB5,['MBD2'],[False]
191,P0DP23,['CALM1'],[False]
192,Q9Y6K1,['DNMT3A'],[False]
193,O00308,['WWP2'],[False]
194,P13693,['TPT1'],[False]
195,Q7RTN6,['STRADA'],[False]
196,O14686,['KMT2D'],[False]
197,P51449,['RORC'],[False]
198,O60934,['NBN'],[False]
199,Q06609,['RAD51'],[False]
200,Q99835,['SMO'],[False]
201,P15498,['VAV1'],[False]
202,P38919,['EIF4A3'],[False]
203,P17181,['IFNAR1'],[False]
204,P55957,['BID'],[False]
205,Q92905,['COPS5'],[False]
206,Q96AE4,['FUBP1'],[False]
207,Q13480,['GAB1'],[False]
208,O14672,['ADAM10'],[False]
209,Q13740,['ALCAM'],[False]
210,P36955,['SERPINF1'],[False]
211,P18564,['ITGB6'],[False]
212,Q9Y2Z0,['SUGT1'],[False]
213,P38398,['BRCA1'],[False]
214,P49765,['VEGFB'],[False]
215,P52564,['MAP2K6'],[False]
216,Q92945,['KHSRP'],[False]
217,P13647,['KRT5'],[False]
218,P16471,['PRLR'],[False]
219,Q9NYV4,['CDK12'],[False]
220,P24522,['GADD45A'],[False]
221,O43318,['MAP3K7'],[False]
222,P78504,['JAG1'],[False]
223,Q9NQC7,['CYLD'],[False]
224,P51671,['CCL11'],[False]
225,Q13526,['PIN1'],[False]
226,P28827,['SHH'],[False]
227,Q9Y6Q9,['NCOA3'],[False]
228,Q16576,['RBBP7'],[False]
229,Q9UQC2,['GAB2'],[False]
230,O95997,['PTTG1'],[False]
231,Q13617,['CUL2'],[False]
232,Q05193,['DNM1'],[False]
233,P18065,['IGFBP2'],[False]
234,Q03518,['TAP1'],[False]
235,Q9Y4K0,['LOXL2'],[False]
236,P11309,['PIM1'],[False]
237,O95644,['NFATC1'],[False]
238,P20591,['MX1'],[False]
239,Q9UL18,['AGO1'],[False]
240,Q2M1P5,['KIF7'],[False]
241,P01130,['LDLR'],[False]
242,Q02548,['PAX5'],[False]
243,P05121,['SERPINE1'],[False]
244,Q9Y2M5,['KLHL20'],[False]
245,O14727,['APAF1'],[False]
246,Q9Y653,['ADGRG1'],[False]
247,Q96FQ6,['S100A16'],[False]
248,P49023,['PXN'],[False]
249,O15550,['KDM6A'],[False]
250,P08514,['ITGA2B'],[False]
251,Q13451,['FKBP5'],[False]
252,P10071,['GLI3'],[False]
253,O94907,['DKK1'],[False]
254,P55285,['CDH6'],[False]
255,P51513,['NOVA1'],[False]
256,P49736,['MCM2'],[False]
257,O96017,['CHEK2'],[False]
258,Q99986,['VRK1'],[False]
259,P51617,['IRAK1'],[False]
260,Q15059,['BRD3'],[False]
261,P36578,['RPL4'],[False]
262,O00571,['DDX3X'],[False]
263,Q92854,['SEMA4D'],[False]
264,O14733,['MAP2K7'],[False]
265,Q96PU8,['QKI'],[False]
266,P48443,['RXRG'],[False]
267,P02533,['KRT14'],[False]
268,Q07889,['SOS1'],[False]
269,P13010,['XRCC5'],[False]
270,P05546,['SERPIND1'],[False]
271,Q9NQS7,['INCENP'],[False]
272,P05556,['ITGB1'],[False]
273,P35813,['PPM1A'],[False]
274,P24864,['CCNE1'],[False]
275,P14598,['NCF1'],[False]
276,Q15582,['TGFBI'],[False]
277,P05386,['RPLP1'],[False]
278,P01127,['PDGFB'],[False]
279,P00441,['SOD1'],[False]
280,Q9UJX6,['ANAPC2'],[False]
281,O96013,['PAK4'],[False]
282,Q13625,['TP53BP2'],[False]
283,P49427,['CDC34'],[False]
284,Q13363,['CTBP1'],[False]
285,Q9UIF9,['BAZ2A'],[False]
286,Q15004,['PCLAF'],[False]
287,Q12905,['ILF2'],[False]
288,Q13838,['DDX39B'],[False]
289,Q14995,['NR1D2'],[False]
290,O15344,['MID1'],[False]
291,P27635,['RPL10'],[False]
292,Q9H5I1,['SUV39H2'],[False]
293,P14678,['SNRPB'],[False]
294,P01019,['AGT'],[False]
295,Q9H3M7,['TXNIP'],[False]
296,Q13635,['PTCH1'],[False]
297,Q9UBT2,['UBA2'],[False]
298,Q9NR61,['DLL4'],[False]
299,O76070,['SNCG'],[False]
300,O75962,['TRIO'],[False]
301,Q4LE39,['ARID4B'],[False]
302,P49327,['FASN'],[False]
303,P43026,['GDF5'],[False]
304,Q07666,['KHDRBS1'],[False]
305,Q96AC1,['FERMT2'],[False]
306,Q92837,['FRAT1'],[False]
307,Q96MS0,['ROBO3'],[False]
308,P58004,['SESN2'],[False]
309,Q16543,['CDC37'],[False]
310,Q13541,['EIF4EBP1'],[False]
311,P49758,['RGS6'],[False]
312,P12956,['XRCC6'],[False]
313,P61244,['MAX'],[False]
314,Q92785,['DPF2'],[False]
315,Q8IU57,['IFNLR1'],[False]
316,P43034,['PAFAH1B1'],[False]
317,P02671,['FGA'],[False]
318,Q13351,['KLF1'],[False]
319,Q92800,['EZH1'],[False]
320,P19634,['SLC9A1'],[False]
321,P62805,['H4C8'],[False]
322,Q9BUQ8,['DDX23'],[False]
323,Q9UMX1,['SUFU'],[False]
324,Q02297,['NRG1'],[False]
325,Q9BRT9,['GINS4'],[False]
326,Q14011,['CIRBP'],[False]
327,P05455,['SSB'],[False]
328,P07197,['NEFM'],[False]
329,P01023,['A2M'],[False]
330,Q03164,['KMT2A'],[False]
331,P07237,['P4HB'],[False]
332,P28324,['ELK4'],[False]
333,Q03692,['COL10A1'],[False]
334,Q92499,['DDX1'],[False]
335,P05387,['RPLP2'],[False]
336,P83731,['RPL24'],[False]
337,O14745,['NHERF1'],[False]
338,Q9NR48,['ASH1L'],[False]
339,P55735,['SEC13'],[False]
340,Q03519,['TAP2'],[False]
341,P51608,['MECP2'],[False]
342,Q8IW75,['SERPINA12'],[False]
343,Q9H832,['UBE2Z'],[False]
344,O60566,['BUB1B'],[False]
345,Q15583,['TGIF1'],[False]
346,Q10589,['BST2'],[False]
347,Q9UQ13,['SHOC2'],[False]
348,Q16186,['ADRM1'],[False]
349,P10912,['GHR'],[False]
350,P31431,['SDC4'],[False]
351,Q9UM07,['PADI4'],[False]
352,P35236,['PTPN7'],[False]
353,Q7RTP6,['MICAL3'],[False]
354,Q9UM11,['FZR1'],[False]
355,P47992,['XCL1'],[False]
356,Q08188,['TGM3'],[False]
357,Q9H981,['ACTR8'],[False]
358,P04275,['VWF'],[False]
359,P00749,['PLAU'],[False]
360,Q86YV5,['PRAG1'],[False]
361,Q9NQI0,['DDX4'],[False]
362,P29274,['ADORA2A'],[False]
363,Q16667,['CDKN3'],[False]
364,P30260,['CDC27'],[False]
365,Q96QZ7,['MAGI1'],[False]
366,Q8IUQ4,['SIAH1'],[False]
367,P00488,['F13A1'],[False]
368,Q96B02,['UBE2W'],[False]
369,P21397,['MAOA'],[False]
370,P49790,['NUP153'],[False]
371,P33763,['PRR4'],[False]
372,P42898,['MTHFR'],[False]
373,P02549,['SPTA1'],[False]
374,Q92900,['UPF1'],[False]
375,P0DJI8,['SAA1'],[False]
376,O14558,['HSPB6'],[False]
377,P34741,['DAPL1'],[True]
378,P41208,['CETN2'],[False]
379,P55265,['ADAR'],[False]
380,P28698,['MZF1'],[False]
381,Q15113,['PCOLCE'],[False]
382,P52948,['NUP98'],[False]
383,P16333,['NCK1'],[False]
384,O00410,['IPO5'],[False]
385,Q8NBP7,['PCSK9'],[False]
386,O96028,['NSD2'],[False]
387,O14497,['ARID1A'],[False]
388,Q06710,['PAX8'],[False]
389,O00548,['DLL1'],[False]
390,Q58F21,['BRDT'],[False]
391,P60604,['UBE2G2'],[False]
392,P30307,['CDC25C'],[False]
393,Q9UK55,['SERPINA10'],[False]
394,Q07955,['SRSF1'],[False]
395,Q96IZ0,['PAWR'],[False]
396,Q04656,['ATP7A'],[False]
397,P15374,['UCHL3'],[False]
398,P20592,['MX2'],[False]
399,P63098,['PPP3R1'],[False]
400,Q12962,['TAF10'],[False]
401,Q99075,['HBEGF'],[False]
402,Q92743,['HTRA1'],[False]
403,Q9H9B1,['EHMT1'],[False]
404,P16050,['ALOX15'],[False]
405,Q8NER1,['TRPV1'],[False]
406,Q9UQ80,['PA2G4'],[False]
407,O95147,['DUSP14'],[False]
408,P20823,['HNF1A'],[False]
409,Q16790,['CA9'],[False]
410,Q02078,['MEF2A'],[False]
411,O75928,['PIAS2'],[False]
412,Q92847,['GHSR'],[False]
413,Q8WUG5,['SLC22A17'],[False]
414,Q96T88,['UHRF1'],[False]
415,P68363,['TUBA1B'],[False]
416,P84243,['H3-3B'],[False]
417,Q9BRX5,['GINS3'],[False]
418,P50148,['GNAQ'],[False]
419,P08572,['COL4A2'],[False]
420,P21583,['KITLG'],[False]
421,P09327,['VIL1'],[False]
422,Q96GX5,['MASTL'],[False]
423,O43665,['RGS10'],[False]
424,Q13627,['DYRK1A'],[False]
425,Q14019,['COTL1'],[False]
426,P11171,['EPB41'],[False]
427,P49419,['ALDH7A1'],[False]
428,P02774,['GC'],[False]
429,P20807,['CAPN3'],[False]
430,Q13563,['PKD2'],[False]
431,Q99801,['NKX3-1'],[False]
432,Q9NRR4,['DROSHA'],[False]
433,P18507,['GABRG2'],[False]
434,O15054,['KDM6B'],[False]
435,O43312,['MTSS1'],[False]
436,Q9Y5C1,['ANGPTL3'],[False]
437,P08294,['SOD3'],[False]
438,P21246,['PTN'],[False]
439,O43791,['SPOP'],[False]
440,Q9UMS4,['PRPF19'],[False]
441,Q13586,['STIM1'],[False]
442,Q12888,['TP53BP1'],[False]
443,P49848,['TAF6'],[False]
444,P55036,['PSMD4'],[False]
445,Q9Y258,['CCL26'],[False]
446,O75533,['SF3B1'],[False]
447,P51965,['UBE2E1'],[False]
448,P04004,['VTN'],[False]
449,Q16625,['OCLN'],[False]
450,Q9ULK4,['MED23'],[False]
451,Q16143,['SNCB'],[False]
452,Q9UBK8,['MTRR'],[False]
453,Q6P5W5,['SLC39A4'],[False]
454,Q07157,['TJP1'],[False]
455,P63027,['VAMP2'],[False]
456,P36894,['BMPR1A'],[False]
457,Q9HCJ0,['TNRC6C'],[False]
458,Q15691,['MAPRE1'],[False]
459,Q9H4L7,['SMARCAD1'],[False]
460,O60880,['SH2D1A'],[False]
461,Q86UX7,['FERMT3'],[False]
462,Q15233,['NONO'],[False]
463,Q9UER7,['DAXX'],[False]
464,O00299,['CLIC1'],[False]
465,P46108,['CRK'],[False]
466,P27695,['APEX1'],[False]
467,Q6P1M3,['LLGL2'],[False]
468,Q9UJX4,['ANAPC5'],[False]
469,Q13224,['GRIN2B'],[False]
470,Q9UKX7,['NUP50'],[False]
471,Q9Y696,['CLIC4'],[False]
472,P04908,['H2AC8'],[False]
473,P49802,['RGS7'],[False]
474,O75056,['SDC3'],[False]
475,Q9UMR2,['DDX19B'],[False]
476,P43250,['GRK6'],[False]
477,P04818,['TYMS'],[False]
478,P35869,['AHR'],[False]
479,Q9HBA0,['TRPV4'],[False]
480,O00268,['TAF4'],[False]
481,Q29983,['MICA'],[False]
482,P24928,['None'],[False]
483,P08263,['GSTA1'],[False]
484,P54132,['BLM'],[False]
485,Q9Y5S9,['RBM8A'],[False]
486,Q8WYP5,['AHCTF1'],[False]
487,P60896,['SEM1'],[False]
488,P01034,['CST3'],[False]
489,Q01970,['PLCB3'],[False]
490,Q92913,['FGF13'],[False]
491,P22059,['OSBP'],[False]
492,Q09428,['ABCC8'],[False]
493,Q6P1X5,['TAF2'],[False]
494,P14653,['HOXB1'],[False]
495,Q9UBE0,['SAE1'],[False]
496,P39748,['FEN1'],[False]
497,Q92973,['TNPO1'],[False]
498,P23588,['EIF4B'],[False]
499,P30531,['SLC6A1'],[False]
500,Q9UNA0,['ADAMTS5'],[False]
501,Q14691,['GINS1'],[False]
502,Q15542,['TAF5'],[False]
503,P35052,['GPC1'],[False]
504,P06899,['H2BC11'],[False]
505,P14061,['HSD17B1'],[False]
506,O76074,['PDE5A'],[False]
507,Q6P4R8,['NFRKB'],[False]
508,Q02388,['COL7A1'],[False]
509,O75475,['PSIP1'],[False]
510,Q14194,['CRMP1'],[False]
511,O15391,['YY2'],[False]
512,P02788,['LTF'],[False]
513,Q9BVI0,['PHF20'],[False]
514,P78352,['DLG4'],[False]
515,Q14191,['WRN'],[False]
516,Q9HAV4,['XPO5'],[False]
517,Q15726,['KISS1'],[False]
518,Q99523,['SORT1'],[False]
519,Q06787,['FMR1'],[False]
520,Q68J44,['DUSP29'],[False]
521,P62318,['SNRPD3'],[False]
522,Q01968,['OCRL'],[False]
523,Q9H1A4,['ANAPC1'],[False]
524,P78563,['ADARB1'],[False]
525,P29375,['KDM5A'],[False]
526,Q6V1X1,['DPP8'],[False]
527,Q06141,['REG3A'],[False]
528,Q92558,['WASF1'],[False]
529,P60880,['SNAP25'],[False]
530,P42658,['DPP6'],[False]
531,Q15642,['TRIP10'],[False]
532,Q9UII6,['DUSP13B'],[False]
533,P61956,['SUMO2'],[False]
534,P06734,['FCER2'],[False]
535,P20849,['COL9A1'],[False]
536,P49789,['FHIT'],[False]
537,Q8WUM0,['NUP133'],[False]
538,P28472,['GABRB3'],[False]
539,O95197,['RTN3'],[False]
540,Q49AN0,['CRY2'],[False]
541,O95429,['BAG4'],[False]
542,P00742,['F10'],[False]
543,O95155,['UBE4B'],[False]
544,P49913,['CAMP'],[False]
545,Q9UJX2,['CDC23'],[False]
546,P11387,['TOP1'],[False]
547,Q8TEQ6,['GEMIN5'],[False]
548,Q8WVM7,['STAG1'],[False]
549,Q9Y6D6,['ARFGEF1'],[False]
550,O75496,['GMNN'],[False]
551,Q8NG31,['KNL1'],[False]
552,Q13029,['PRDM2'],[False]
553,P02760,['AMBP'],[False]
554,P52945,['PDX1'],[False]
555,Q71UI9,['H2AZ2'],[False]
556,Q9UJX3,['ANAPC7'],[False]
557,P49768,['PSEN1'],[False]
558,Q9UJX5,['ANAPC4'],[False]
559,P53420,['COL4A4'],[False]
560,P83916,['CBX1'],[False]
561,P60006,['ANAPC15'],[False]
562,Q13042,['CDC16'],[False]
563,Q96DE5,['ANAPC16'],[False]
564,O94986,['CEP152'],[False]
565,Q15637,['SF1'],[False]
566,Q9Y613,['FHOD1'],[False]
567,Q96PY5,['FMNL2'],[False]
568,P30542,['ADORA1'],[False]
569,O43747,['AP1G1'],[False]
570,Q99250,['SCN2A'],[False]
571,O60825,['PFKFB2'],[False]
572,Q6NUK1,['SLC25A24'],[False]
573,P52799,['EFNB2'],[False]
574,P83110,['HTRA3'],[False]
575,P50616,['TOB1'],[False]
576,Q9UMD9,['COL17A1'],[False]
577,O60493,['SNX3'],[False]
578,P00740,['F9'],[False]
579,Q96RF0,['SNX18'],[False]
580,P54274,['TERF1'],[False]
581,Q96NI6,['LRFN5'],[False]
582,P35520,['CBS'],[False]
583,Q9UBT3,['DKK4'],[False]
584,Q13542,['EIF4EBP2'],[False]
585,P49189,['ALDH9A1'],[False]
586,Q13162,['PRDX4'],[False]
587,Q9Y4D1,['DAAM1'],[False]
588,Q8IYW5,['RNF168'],[False]
589,P09919,['CSF3'],[False]
590,P54368,['OAZ1'],[False]
591,Q96RK4,['BBS4'],[False]
592,P51946,['CCNH'],[False]
593,Q9BS26,['ERP44'],[False]
594,O14775,['GNB5'],[False]
595,Q96T58,['SPEN'],[False]
596,O14974,['PPP1R12A'],[False]
597,P47895,['ALDH1A3'],[False]
598,Q9UPP1,['PHF8'],[False]
599,Q9H8Y8,['GORASP2'],[False]
600,A8K2U0,['A2ML1'],[False]
601,Q96GC6,['ZNF274'],[False]
602,P30038,['ALDH4A1'],[False]
603,Q15858,['SCN9A'],[False]
604,P01042,['KNG1'],[False]
605,Q07866,['KLC1'],[False]
606,Q96F81,['DISP1'],[False]
607,P17677,['GAP43'],[False]
608,Q8N488,['RYBP'],[False]
609,Q969F2,['NKD2'],[False]
610,P02730,['SLC4A1'],[False]
611,P43629,['KIR3DL1'],[False]
612,Q9Y5S1,['TRPV2'],[False]
613,P51787,['KCNQ1'],[False]
614,P15927,['RPA2'],[False]
615,Q8NHZ8,['CDC26'],[False]
616,P30518,['AVPR2'],[False]
617,P14867,['GABRA1'],[False]
618,P52597,['HNRNPF'],[False]
619,P54687,['BCAT1'],[False]
620,Q14766,['LTBP1'],[False]
621,Q13698,['CACNA1S'],[False]
622,Q9UN86,['G3BP2'],[False]
623,P27694,['RPA1'],[False]
624,O15234,['CASC3'],[False]
625,Q10567,['AP1B1'],[False]
626,Q99714,['HSD17B10'],[False]
627,O60741,['HCN1'],[False]
628,O96018,['APBA3'],[False]
629,Q8NET8,['TRPV3'],[False]
630,P13674,['P4HA1'],[False]
631,P09012,['SNRPA'],[False]
632,Q7KZF4,['SND1'],[False]
633,O00189,['AP4M1'],[False]
634,Q9BPU6,['DPYSL5'],[False]
635,Q9UJY5,['GGA1'],[False]
636,P56696,['KCNQ4'],[False]
637,Q6DD88,['ATL3'],[False]
638,P26368,['U2AF2'],[False]
639,Q9Y3B4,['SF3B6'],[False]
640,P20963,['CD247'],[False]
641,P12272,['ARAP2'],[False]
642,O15247,['CLIC2'],[False]
643,O43172,['PRPF4'],[False]
644,P16860,['NPPB'],[False]
645,P49005,['POLD2'],[False]
646,P10997,['IAPP'],[False]
647,P24588,['ZNG1E'],[False]
648,Q92886,['NEUROG1'],[False]
649,O95630,['STAMBP'],[False]
650,P80303,['NUCB2'],[False]
651,P55789,['GFER'],[False]
652,O94925,['GLS'],[False]
653,Q16629,['SRSF7'],[False]
654,O95292,['VAPB'],[False]
655,P21675,['TAF1'],[False]
656,Q9NQA5,['TRPV5'],[False]
657,Q6P3W2,['DNAJC24'],[False]
658,Q02413,['DSG1'],[False]
659,Q15185,['PTGES3'],[False]
660,P35219,['CA8'],[False]
661,Q96EQ8,['RNF125'],[False]
662,Q92783,['STAM'],[False]
663,P01160,['NPPA'],[False]
664,Q8N807,['PDILT'],[False]
665,O00204,['SULT2B1'],[False]
666,P55011,['SLC12A2'],[False]
667,P05452,['CLEC3B'],[False]
668,Q9NW15,['ANO10'],[False]
669,Q07108,['CD69'],[False]
670,Q9NYB9,['ABI2'],[False]
671,Q6ZMT4,['KDM7A'],[False]
672,P62328,['TMSB4X'],[False]
673,P35790,['CHKA'],[False]
674,P0DN86,['CGB3'],[False]
675,A5YKK6,['CNOT1'],[False]
676,P50579,['METAP2'],[False]
677,P24071,['FCAR'],[False]
678,P15382,['KCNE1'],[False]
679,P30273,['FCER1G'],[False]
680,Q13415,['ORC1'],[False]
681,Q92608,['DOCK2'],[False]
682,Q9NR00,['TCIM'],[False]
683,Q86TV6,['TTC7B'],[False]
684,Q8WZ42,['TTN'],[False]
685,Q9UNL4,['ING4'],[False]
686,Q9UIW2,['PLXNA1'],[False]
687,P00734,['F2'],[False]
688,P13861,['PRKAR2A'],[False]
689,Q969R2,['OSBP2'],[False]
690,P81274,['GPSM2'],[False]
691,P42768,['WAS'],[False]
692,P28325,['DCLRE1C'],[False]
693,P54725,['RAD23A'],[False]
694,Q14444,['CAPRIN1'],[False]
695,Q14565,['DMC1'],[False]
696,Q14722,['KCNAB1'],[False]
697,Q8IV16,['GPIHBP1'],[False]
698,P31321,['PRKAR1B'],[False]
699,P01266,['TG'],[False]
700,P30793,['GCH1'],[False]
701,Q01484,['ANK2'],[False]
702,Q8TEP8,['CEP192'],[False]
703,P05451,['REG1A'],[False]
704,P23280,['CA6'],[False]
705,P09693,['CD3G'],[False]
706,P19957,['PI3'],[False]
707,P11274,['BCR'],[False]
708,P23677,['ITPKA'],[False]
709,O14936,['CASK'],[False]
710,Q96RD7,['PANX1'],[False]
711,P31153,['MAT2A'],[False]
712,O60486,['PLXNC1'],[False]
713,O95843,['GUCA1C'],[False]
714,Q8NC51,['SERBP1'],[False]
715,P35680,['HNF1B'],[False]
716,P78560,['CRADD'],[False]
717,Q9H1D0,['TRPV6'],[False]
718,A6NI73,['LILRA5'],[False]
719,Q53GG5,['PDLIM3'],[False]
720,P11926,['ODC1'],[False]
721,Q9UBP0,['SPAST'],[False]
722,P01215,['CGA'],[False]
723,Q13426,['XRCC4'],[False]
724,Q9UDY8,['MALT1'],[False]
725,P17405,['SMPD1'],[False]
726,P07766,['CD3E'],[False]
727,P04035,['HMGCR'],[False]
728,P13797,['PLS3'],[False]
729,Q13573,['SNW1'],[False]
730,Q15326,['ZMYND11'],[False]
731,P29536,['IRS4'],[False]
732,P40939,['HADHA'],[False]
733,O75970,['MPDZ'],[False]
734,Q9HCB6,['SPON1'],[False]
735,Q9BTT0,['ANP32E'],[False]
736,P35611,['ADD1'],[False]
737,P00439,['PAH'],[False]
738,P0DMM9,['SULT1A3'],[False]
739,P04183,['TK1'],[False]
740,P06132,['UROD'],[False]
741,Q9Y6X9,['MORC2'],[False]
742,P11686,['SFTPC'],[False]
743,Q8IWJ2,['GCC2'],[False]
744,P35637,['FUS'],[False]
745,O43313,['ATMIN'],[False]
746,Q9Y3M2,['CBY1'],[False]
747,O14977,['AZIN1'],[False]
748,Q8IY63,['AMOTL1'],[False]
749,Q14449,['GRB14'],[False]
750,Q6FI81,['CIAPIN1'],[False]
751,P50553,['ASCL1'],[False]
752,Q9NPI8,['FANCF'],[False]
753,Q8WUP2,['FBLIM1'],[False]
754,O95149,['SNUPN'],[False]
755,Q9HC77,['CENPJ'],[False]
756,Q9HC35,['EML4'],[False]
757,Q9UBU9,['NXF1'],[False]
758,P55145,['MANF'],[False]
759,O75151,['PHF2'],[False]
760,O00584,['RNASET2'],[False]
761,Q8WXE9,['STON2'],[False]
762,O15273,['TCAP'],[False]
763,O75683,['SURF6'],[False]
764,O14519,['CDK2AP1'],[False]
765,Q17RS7,['GEN1'],[False]
766,O60568,['PLOD3'],[False]
767,Q9NP70,['AMBN'],[False]
768,P56211,['ARPP19'],[False]
769,Q9BQB4,['SOST'],[False]
770,Q658P3,['STEAP3'],[False]
771,P01730,['CD4'],[False]
772,O95696,['BRD1'],[False]
773,O14776,['TCERG1'],[False]
774,P01732,['CD8A'],[False]
775,O95831,['AIFM1'],[False]
776,P04234,['CD3D'],[False]
777,P41236,['PPP1R2'],[False]
778,P26599,['PTBP1'],[False]
779,Q86Y38,['XYLT1'],[False]
780,Q9NZ94,['NLGN3'],[False]
781,P07814,['EPRS1'],[False]
782,P53816,['PLAAT3'],[False]
783,Q9Y4B6,['DCAF1'],[False]
784,P23025,['XPA'],[False]
785,Q9BXJ9,['NAA15'],[False]
786,O43516,['WIPF1'],[False]
787,Q15276,['RABEP1'],[False]
788,P51825,['AFF1'],[False]
789,Q9HAN9,['NMNAT1'],[False]
790,Q9Y6G9,['DYNC1LI1'],[False]
791,Q9UHB7,['AFF4'],[False]
792,Q9NXG6,['P4HTM'],[False]
793,P42166,['TMPO'],[False]
794,Q14118,['DAG1'],[False]
795,Q8N5Y2,['MSL3'],[False]
796,P15941,['MUC1'],[False]
797,Q8TEK3,['DOT1L'],[False]
798,Q9H900,['ZWILCH'],[False]
799,P41227,['NAA10'],[False]
800,P49257,['LMAN1'],[False]
801,Q9NR28,['DIABLO'],[False]
802,P00736,['None'],[False]
803,Q5JRX3,['PITRM1'],[False]
804,Q96EP1,['CHFR'],[False]
805,Q9UBW5,['BIN2'],[False]
806,P52179,['MYOM1'],[False]
807,Q15046,['KARS1'],[False]
808,P52272,['HNRNPM'],[False]
809,Q01081,['U2AF1'],[False]
810,Q92804,['TAF15'],[False]
811,P07305,['H1-0'],[False]
812,Q96H20,['SNF8'],[False]
813,Q9NQX3,['GPHN'],[False]
814,P46379,['BAG6'],[False]
815,Q96C36,['PYCR2'],[False]
816,Q9UBV7,['B4GALT7'],[False]
817,O94829,['IPO13'],[False]
818,P53999,['SUB1'],[False]
819,P98066,['TNFAIP6'],[False]
820,P00492,['HPRT1'],[False]
821,P45379,['TNNT2'],[False]
822,Q16740,['CLPP'],[False]
823,P49902,['NT5C2'],[False]
824,Q9H3P2,['NELFA'],[False]
825,Q9UKL0,['RCOR1'],[False]
826,P52848,['NDST1'],[False]
827,Q16595,['FXN'],[False]
828,Q99967,['CITED2'],[False]
829,P06454,['PTMA'],[False]
830,Q96SD1,['DCLRE1C'],[False]
831,Q9NRA2,['SLC17A5'],[False]
832,A6NF83,['NUPR2'],[False]
833,P36871,['PGM1'],[False]
834,Q6ZNA4,['RNF111'],[False]
835,P37268,['FDFT1'],[False]
836,P78330,['PSPH'],[False]
837,Q86VN1,['VPS36'],[False]
838,Q2MKA7,['RSPO1'],[False]
839,Q96PM5,['RCHY1'],[False]
840,Q9NWW9,['PLAAT2'],[False]
841,P0CF51,['None'],[False]
842,Q9Y6I3,['EPN1'],[False]
843,Q96FI4,['NEIL1'],[False]
844,P16442,['VLDLR-AS1'],[False]
845,Q8NBZ7,['UXS1'],[False]
846,Q16630,['CPSF6'],[False]
847,P07199,['CENPB'],[False]
848,P19827,['ITIH1'],[False]
849,Q14849,['STARD3'],[False]
850,Q9UKT5,['FBXO4'],[False]
851,O75506,['HSBP1'],[False]
852,O00273,['DFFA'],[False]
853,Q14181,['POLA2'],[False]
854,Q9Y5P4,['CERT1'],[False]
855,P02686,['MBP'],[False]
856,P42568,['MLLT3'],[False]
857,Q68DK7,['MSL1'],[False]
858,P35612,['ADD2'],[False]
859,P55197,['MLLT10'],[False]
860,Q9NVS9,['PNPO'],[False]
861,Q9UKK9,['NUDT5'],[False]
862,Q9UKT4,['FBXO5'],[False]
863,Q9BSQ5,['CCM2'],[False]
864,P19429,['ARHGAP5'],[False]
865,A6ND01,['IZUMO1R'],[False]
866,Q8N5H7,['SH2D3C'],[False]
867,P18615,['NELFE'],[False]
868,O60502,['OGA'],[False]
869,Q8WV28,['BLNK'],[False]
870,O14810,['CPLX1'],[False]
871,Q96E14,['RMI2'],[False]
872,P55263,['ADK'],[False]
873,P37837,['TALDO1'],[False]
874,Q16647,['PTGIS'],[False]
875,P15391,['CD19'],[False]
876,Q6PI48,['DARS2'],[False]
877,O75223,['GGCT'],[False]
878,Q5FWF5,['ESCO1'],[False]
879,Q14978,['NOLC1'],[False]
880,P49366,['DHPS'],[False]
881,P27469,['G0S2'],[False]
882,O43663,['PRC1'],[False]
883,Q8N5F7,['NKAP'],[False]
884,Q8N3V7,['SYNPO'],[False]
885,Q00169,['PITPNA'],[False]
886,Q0JRZ9,['FCHO2'],[False]
887,Q13316,['DMP1'],[False]
888,P81605,['DCD'],[False]
889,P50542,['PEX5'],[False]
890,Q00266,['MAT1A'],[False]
891,Q9BRG1,['VPS25'],[False]
892,Q9BV68,['RNF126'],[False]
893,O43776,['NARS1'],[False]
894,O95391,['SLU7'],[False]
895,P15309,['ACP3'],[False]
896,Q9BZE9,['ASPSCR1'],[False]
897,Q6ZVN8,['HJV'],[False]
898,P40692,['MLH1'],[False]
899,O43715,['TRIAP1'],[False]
900,Q9BYG3,['NIFK'],[False]
901,Q96RJ3,['TNFRSF13C'],[False]
902,Q8NFJ9,['BBS1'],[False]
903,P49354,['FNTA'],[False]
904,Q86WX3,['RPS19BP1'],[False]
905,P48788,['TNNI2'],[False]
906,Q9H816,['DCLRE1B'],[False]
907,Q9Y6C2,['EMILIN1'],[False]
908,P61925,['PKIA'],[False]
909,Q12972,['PPP1R8'],[False]
910,P14868,['DARS1'],[False]
911,O00411,['POLRMT'],[False]
912,Q96AY2,['EME1'],[False]
913,Q16222,['UAP1'],[False]
914,Q9Y4F1,['FARP1'],[False]
915,Q9H9R9,['DBNDD1'],[False]
916,P21815,['IBSP'],[False]
917,Q6VMQ6,['ATF7IP'],[False]
918,Q3SYG4,['BBS9'],[False]
919,P47897,['QARS1'],[False]
920,Q01831,['XPC'],[False]
921,Q5VZK9,['CARMIL1'],[False]
922,P41567,['EIF1'],[False]
923,Q9NRI5,['DISC1'],[False]
924,Q8IYB8,['SUPV3L1'],[False]
925,Q9NP98,['MYOZ1'],[False]
926,P62495,['ETF1'],[False]
927,Q9NUM4,['TMEM106B'],[False]
928,P40259,['CD79B'],[False]
929,Q92871,['PMM1'],[False]
930,Q9NXV2,['KCTD5'],[False]
931,Q8N3I7,['BBS5'],[False]
932,O60239,['SH3BP5'],[False]
933,Q8IZD2,['KMT2E'],[False]
934,A8MTZ0,['BBIP1'],[False]
935,Q96T21,['SECISBP2'],[False]
936,P11912,['CD79A'],[False]
937,O43236,['SEPTIN4'],[False]
938,Q9H9E3,['COG4'],[False]
939,P47813,['EIF1AX'],[False]
940,Q8NI22,['MCFD2'],[False]
941,Q15013,['MAD2L1BP'],[False]
942,O60828,['PQBP1'],[False]
943,P30566,['ADSL'],[False]
944,A4D126,['CRPPA'],[False]
945,Q14061,['COX17'],[False]
946,Q96NW4,['ANKRD27'],[False]
947,O60927,['PPP1R11'],[False]
948,Q9UBU7,['DBF4'],[False]
949,Q8WVQ1,['CANT1'],[False]
950,P80723,['BASP1'],[False]
951,P17096,['HMGA1'],[False]
952,P49753,['ACOT2'],[False]
953,P50402,['EMD'],[False]
954,Q9NX55,['HYPK'],[False]
955,Q09161,['NCBP1'],[False]
956,Q6ZT98,['TTLL7'],[False]
957,O75936,['BBOX1'],[False]
958,Q01101,['INSM1'],[False]
959,P31327,['CPS1'],[False]
960,Q14493,['SLBP'],[False]
961,O60508,['CDC40'],[False]
962,P02655,['APOC2'],[False]
963,Q8TDP1,['RNASEH2C'],[False]
964,Q9BUL9,['RPP25'],[False]
965,Q9Y5B0,['CTDP1'],[False]
966,P49915,['GMPS'],[False]
967,O60829,['PAGE4'],[False]
968,Q16821,['PPP1R3A'],[False]
969,Q8IYB3,['SRRM1'],[False]
970,P16278,['GLB1'],[False]
971,P27708,['CAD'],[False]
972,Q5SQI0,['ATAT1'],[False]
973,P08240,['SRPRA'],[False]
974,O60888,['CUTA'],[False]
975,P39905,['GDNF'],[False]
976,P20061,['TCN1'],[False]
977,Q8IW19,['APLF'],[False]
978,Q8TEA8,['DTD1'],[False]
979,P52298,['NCBP2'],[False]
980,O14713,['ITGB1BP1'],[False]
981,Q9UBR1,['UPB1'],[False]
982,P40855,['PEX19'],[False]
983,Q5TDH0,['DDI2'],[False]
984,O95405,['ZFYVE9'],[False]
985,Q5T848,['GPR158'],[False]
986,Q99598,['TSNAX'],[False]
987,P15516,['HTN3'],[False]
988,Q86XI6,['PPP1R3B'],[False]
989,P36776,['LONP1'],[False]
990,Q5T1C6,['THEM4'],[False]
991,O60701,['UGDH'],[False]
992,P35269,['GTF2F1'],[False]
993,Q5T4W7,['ARTN'],[False]
994,Q96GU1,['PAGE5'],[False]
995,Q9UKY0,['PRND'],[False]
996,P54577,['YARS1'],[False]
997,P58753,['TIRAP'],[False]
998,Q8N4Q1,['CHCHD4'],[False]
999,Q8WUN7,['UBTD2'],[False]
1000,O95822,['MLYCD'],[False]
1001,P33897,['ABCD1'],[False]
1002,P02808,['STATH'],[False]
1003,Q68D10,['SPTY2D1'],[False]
1004,Q96ST2,['IWS1'],[False]
1005,Q9BYI3,['HYCC1'],[False]
1006,Q8N1G2,['CMTR1'],[False]
1007,P48539,['PCP4'],[False]
1008,Q96BT7,['ALKBH8'],[False]
1009,Q15631,['TSN'],[False]
1010,Q15517,['None'],[False]
1011,Q01433,['AMPD2'],[False]
1012,Q9BQ15,['NABP2'],[False]
1013,Q9BYC5,['FUT8'],[False]
1014,Q96RS0,['TGS1'],[False]
1015,O14678,['ABCD4'],[False]
1016,Q5HYA8,['TMEM67'],[False]
1017,Q9UQ35,['SRRM2'],[False]
1018,Q9UHK0,['NUFIP1'],[False]
1019,P29083,['GTF2E1'],[False]
1020,P12081,['HARS1'],[False]
1021,O14958,['CASQ2'],[False]
1022,P04554,['PRM2'],[False]
1023,Q96G97,['BSCL2'],[False]
1024,Q7L2J0,['MEPCE'],[False]
1025,P10163,['TTN-AS1'],[False]
1026,P47710,['CSN1S1'],[False]
1027,Q9NRY2,['INIP'],[False]
1028,P41214,['EIF2D'],[False]
1029,P22531,['SPRR2E'],[False]
1030,O75324,['SNN'],[False]
1031,Q8N1Q8,['THEM5'],[False]
1032,Q6BDI9,['REP15'],[False]
1033,P52926,['HMGA2'],[False]
1034,O95400,['CD2BP2'],[False]
1035,Q9NV23,['OLAH'],[False]
1036,Q53TN4,['CYBRD1'],[False]
1037,P20810,['CAST'],[False]
1038,Q9NX46,['ADPRS'],[False]
1039,Q9NRJ3,['CCL28'],[False]
1040,Q9NZD4,['AHSP'],[False]
1041,P22234,['PAICS'],[False]
1042,Q8N300,['SVBP'],[False]
1043,P22033,['MMUT'],[False]
1044,Q13569,['TDG'],[False]
1045,Q9NPF0,['CD320'],[False]
1046,Q8NBI3,['DRAXIN'],[False]
1047,Q96F86,['EDC3'],[False]
1048,O75554,['WBP4'],[False]
1049,P43351,['RAD52'],[False]
1050,Q96N21,['TEPSIN'],[False]
1051,O75817,['POP7'],[False]
1052,Q9Y6H6,['KCNE3'],[False]
1053,Q9H078,['CLPB'],[False]
1054,Q8IVG9,['None'],[False]
1055,Q9UPR3,['SMG5'],[False]
1056,P50440,['GATM'],[False]
1057,Q9HAU5,['UPF2'],[False]
1058,Q9Y4U1,['MMACHC'],[False]
1059,Q9BSY4,['CHCHD5'],[False]
1060,Q96Q11,['TRNT1'],[False]
1061,Q8IVH4,['MMAA'],[False]
1062,P35475,['IDUA'],[False]
1063,Q9H0W8,['SMG9'],[False]
1064,Q92540,['SMG7'],[False]
1065,P07902,['GALT'],[False]
1066,Q3MIT2,['PUS10'],[False]
1067,Q9H2Y7,['ZNF106'],[False]
1068,Q9BUH6,['PAXX'],[False]
1069,Q96C86,['DCPS'],[False]
1070,Q9BQ50,['TREX2'],[False]
1071,O00488,['ZNF593'],[False]
1072,Q16831,['UPP1'],[False]
1073,Q8IYV9,['IZUMO1'],[False]
1074,P09132,['SRP19'],[False]
1075,Q9NRN7,['AASDHPPT'],[False]
1076,Q53FT3,['HIKESHI'],[False]
1077,Q9BTL3,['RAMAC'],[False]
1078,Q9BU02,['THTPA'],[False]
1079,Q6PHW0,['IYD'],[False]
1080,O14832,['PHYH'],[False]
1081,Q9GZN7,['ROGDI'],[False]
1082,Q9H3L0,['MMADHC'],[False]
