,Interactor A,Interactor B
0,P56945,"['P49023', 'P63104', 'Q9BRT9', 'Q7KZF4', 'Q13177', 'Q92743', 'Q92783', 'P27361', 'P63000', 'O60568', 'Q96PU8', 'P40763', 'Q8IYB8', 'P49753', 'P55072', 'P49257', 'Q9UQ80', 'P11940', 'P12931', 'P07948', 'P00519', 'Q8TC71', 'P42345', 'Q14694', 'P50851', 'Q96BY7', 'P07900', 'Q5BJD5', 'P10253', 'P61006', 'P09429', 'P03372', 'Q99816', 'Q9P2Y5', 'P27695', 'Q9NQ88', 'Q9HD42', 'Q9H270', 'Q9Y6I9', 'Q96JC1', 'Q96B97', 'Q9UL18', 'Q01968', 'Q01433', 'P07196', 'Q9H4H8', 'Q5TDH0', 'P07814', 'O00584', 'P42858', 'P46108', 'P16333', 'P27986', 'P53350', 'O75807', 'P55036', 'P62495', 'Q9UKV8', 'P49757', 'P00533', 'P27797', 'P04908', 'Q00987', 'Q16595', 'P05387', 'P49841', 'Q9UJY5', 'P62328', 'Q9Y613', 'P08631', 'P78362', 'Q86UE8', 'P07237', 'Q9HD26', 'P02533', 'O60885', 'Q04637', 'Q92900', 'Q00169', 'P04083', 'Q96RF0', 'P06239', 'Q07912', 'P40855', 'P24928', 'P04626', 'P62826', 'O14936', 'P41208', 'Q8WXE9', 'P05067', 'Q9HCJ0', 'Q13188', 'P49005', 'P06454', 'Q15004', 'Q15910', 'Q05397', 'Q8N5H7', 'Q9Y6I3', 'Q02363', 'O95071', 'Q07157', 'Q92608', 'P18615', 'Q7L2J0', 'P06756', 'O00299', 'Q14258']"
1,Q03135,"['P63000', 'Q13480', 'P55072', 'P60484', 'Q07820', 'P27361', 'Q92783', 'O60493', 'Q13137', 'P49257', 'P12931', 'P51149', 'Q13501', 'P61019', 'P00519', 'Q00610', 'O15118', 'O14964', 'P14416', 'O94817', 'P13473', 'O95721', 'O75886', 'P50851', 'P07900', 'Q8TEV9', 'P42338', 'Q86Y82', 'Q7KZI7', 'Q14596', 'Q8WUX9', 'P07948', 'P03372', 'P13569', 'Q99623', 'Q9UBN7', 'P01112', 'Q9BZV1', 'P63027', 'Q9Y263', 'Q9ULC3', 'Q9NSV4', 'O95405', 'Q9H0E2', 'A6NCE7', 'Q9UEU0', 'Q9GZQ8', 'P35611', 'P27694', 'Q9BV40', 'Q9H444', 'P35612', 'Q92731', 'Q9H1Y0', 'P37837', 'P60709', 'P47895', 'P61956', 'P28482', 'Q13613', 'Q92597', 'Q96QZ7', 'P24588', 'Q13635', 'P41743', 'P01116', 'P55011', 'Q13586', 'Q9H9E3', 'P00533', 'P10275', 'P37231', 'P35222', 'P62328', 'Q13148', 'Q969F2', 'O96013', 'O15169', 'O60356', 'P46531', 'F7VJQ1', 'P27986', 'P49757', 'P80723', 'P78504', 'P25054', 'Q9UBT2', 'Q16647', 'P13693', 'P36894', 'P13861', 'P51617', 'Q9H8Y8', 'Q7RTP6', 'Q15843', 'Q9HD26', 'O60885', 'P05067', 'P04626', 'P55957', 'Q15796', 'P52799', 'O14936', 'P08235', 'P37173', 'P05556', 'Q9UBU9', 'P61073', 'P15927', 'Q96AC1', 'P50750', 'Q14118', 'O95835', 'P49327', 'Q8N5H7', 'Q8IVH8', 'O75962', 'Q13363', 'P06756', 'Q658P3', 'Q96RD7', 'Q8WVQ1', 'P61587', 'P62330', 'O00308', 'P29317', 'Q6R327']"
2,P68104,"['Q9HAV4', 'P63104', 'Q9UQ35', 'P11940', 'P07550', 'Q15013', 'P10619', 'O60568', 'Q01484', 'P36952', 'P56524', 'P63000', 'P11142', 'P51149', 'Q96AJ9', 'Q15831', 'Q8TEV9', 'Q5S007', 'P61019', 'O95166', 'P07900', 'Q5BJD5', 'P60520', 'P20073', 'Q86VP1', 'P16144', 'P04637', 'Q13315', 'P10909', 'P54725', 'Q92731', 'P04049', 'Q9NRR5', 'Q9BXM7', 'P13569', 'Q9GZQ8', 'Q9H492', 'P27694', 'P38936', 'P03372', 'Q96RL7', 'P27695', 'P50440', 'Q9HCE7', 'P37840', 'P10451', 'P14859', 'P05455', 'Q07817', 'Q9H0R8', 'Q9Y4K3', 'Q9UBN7', 'P61956', 'P14868', 'P60709', 'P01116', 'Q8NFJ9', 'O95433', 'Q15233', 'P01111', 'Q96RK4', 'Q9UL18', 'Q8N6T7', 'P54577', 'P49748', 'Q99714', 'Q00266', 'Q00987', 'Q13573', 'P24522', 'P49841', 'P00533', 'P35637', 'P09651', 'Q9NZ94', 'Q13625', 'P46937', 'Q13485', 'P43351', 'P04908', 'O43464', 'P27708', 'Q09472', 'P62328', 'Q9UBT2', 'O15169', 'P42568', 'Q9UKV8', 'P46108', 'Q14061', 'Q9NX55', 'Q13148', 'Q9BQ15', 'Q49AN0', 'P25054', 'P13693', 'Q15843', 'P42226', 'P83731', 'Q9H8Y8', 'Q92905', 'P35520', 'P63165', 'P38919', 'Q8IYB3', 'Q15583', 'P49736', 'P24385', 'P04183', 'Q9Y6K9', 'P0DMV9', 'P36894', 'Q92793', 'O60885', 'Q12905', 'P15927', 'P50750', 'P36578', 'O60828', 'P62877', 'Q9UBU9', 'P09012', 'O95718', 'Q15004', 'Q9NR28', 'O60829', 'P05386', 'Q16543', 'Q9Y6H6', 'P01137', 'O14713', 'P24928', 'Q15796', 'P78560', 'Q9UMR2', 'P05556', 'P06748', 'Q92499', 'O15344', 'Q13617', 'Q9Y2Z0', 'Q14258', 'Q13363', 'Q9Y6I3', 'Q9BXJ9', 'Q9H3M7', 'P07355', 'Q9BYG3', 'O95071', 'Q7L2J0', 'P41227', 'O14965', 'P26368', 'P61587']"
3,P04637,"['P26447', 'P63104', 'P60484', 'P27361', 'P21675', 'Q8TDY2', 'O60568', 'P31749', 'P55072', 'P11940', 'Q07820', 'O95696', 'P21580', 'P49915', 'Q15013', 'Q9BY41', 'Q13043', 'Q96EQ8', 'P40763', 'Q8NEB9', 'P23588', 'O14727', 'P49023', 'Q7KZF4', 'Q15276', 'P52732', 'Q12962', 'Q15542', 'O15550', 'P55265', 'O95197', 'P81605', 'P55210', 'Q08188', 'Q9UER7', 'Q07817', 'Q00987', 'P38646', 'P04637', 'P09429', 'P25963', 'Q9NS56', 'P51959', 'Q96A56', 'Q96ST3', 'Q9H3D4', 'Q8N2W9', 'Q12888', 'Q92905', 'P38398', 'Q03468', 'Q14191', 'Q9NRG4', 'P20226', 'Q06609', 'P29590', 'Q9UNL4', 'Q92793', 'Q9H2X6', 'P27694', 'Q7LG56', 'Q13315', 'P51587', 'P34932', 'Q13526', 'P07900', 'P31947', 'O75925', 'Q96EB6', 'P45983', 'Q96PM5', 'O60341', 'P42858', 'P19525', 'Q99608', 'Q16611', 'P53350', 'P41235', 'Q8IWT3', 'Q8WTS6', 'Q14186', 'Q13535', 'Q86TM6', 'Q16666', 'Q99986', 'P55199', 'Q66K89', 'P06748', 'P10415', 'P05549', 'Q16637', 'O14757', 'Q9BVP2', 'Q00535', 'P32780', 'P63279', 'P67809', 'Q93009', 'Q13625', 'P09874', 'P18847', 'Q15648', 'P51948', 'P49841', 'P18146', 'Q09472', 'Q14999', 'P49459', 'O15151', 'Q9NZC7', 'P51532', 'Q92831', 'Q05397', 'Q05086', 'P54132', 'Q8WUF5', 'Q14974', 'P04271', 'O94776', 'P61981', 'Q13155', 'Q16665', 'P11388', 'P22736', 'O75569', 'Q03701', 'Q9Y3D8', 'P19338', 'Q9NPI1', 'P19544', 'Q9UNH5', 'P68400', 'Q96KB5', 'P35354', 'P38936', 'P16220', 'Q13330', 'Q99728', 'P28482', 'Q13547', 'Q86Z02', 'Q15831', 'Q01094', 'P61289', 'Q96G74', 'O95997', 'P49757', 'Q9BWC9', 'Q15843', 'P13693', 'Q13227', 'P03372', 'Q12824', 'P63165', 'P01106', 'Q96S44', 'P50613', 'P19447', 'Q15672', 'O14965', 'Q9UM07', 'O95376', 'Q8N488', 'P11387', 'Q13362', 'O15169', 'Q96SB4', 'P48730', 'O95967', 'P45984', 'P42771', 'Q96PU4', 'P78527', 'P15036', 'Q9UQR1', 'Q02880', 'P31350', 'P43356', 'Q9H4B4', 'O60729', 'Q9Y3T9', 'P13639', 'Q06587', 'Q05655', 'Q969V5', 'Q9UBL3', 'Q9BUJ2', 'P46736', 'P51784', 'Q9P0U4', 'P18074', 'O14503', 'O15047', 'Q8N9N5', 'Q96FW1', 'P04792', 'O96017', 'P11142', 'P23511', 'Q15796', 'Q96S59', 'P04150', 'Q92754', 'Q96J02', 'Q7Z6Z7', 'P06703', 'O14980', 'O15350', 'Q92993', 'Q8N3Y1', 'P23297', 'P48643', 'P62258', 'P08047', 'O75147', 'Q86X55', 'P17844', 'Q92769', 'O75928', 'Q9UHC7', 'Q8TDN4', 'O15164', 'P00519', 'Q15466', 'Q99973', 'O60502', 'Q9H422', 'P10828', 'Q9UPR3', 'P15559', 'Q86XK2', 'Q15573', 'P29034', 'O95155', 'Q9BX70', 'Q969H0', 'Q53T94', 'O95863', 'Q15572', 'O43524', 'Q92922', 'P30153', 'O43847', 'Q8TAF3', 'P27695', 'P23396', 'O95714', 'P61086', 'O14920', 'P20248', 'Q9H6Z9', 'Q15291', 'Q99873', 'P61978', 'Q9NVC6', 'P0CG48', 'Q9UK53', 'P13569', 'Q9H0W5', 'P15884', 'P06400', 'P25208', 'Q92994', 'Q9BT78', 'Q13569', 'Q9Y297', 'Q92540', 'Q92830', 'Q99816', 'P19784', 'Q8WYH8', 'Q04206', 'Q16539', 'P11802', 'P46379', 'Q92841', 'P34931', 'Q8TAQ5', 'O76021', 'P46777', 'O15055', 'P36873', 'Q96GD4', 'P20042', 'P62913', 'P09936', 'P84022', 'P40227', 'O95816', 'P17987', 'P53779', 'P04183', 'P05109', 'P62877', 'Q5S007', 'Q13885', 'P62081', 'P02786', 'P07437', 'P78371', 'P49368', 'P50991', 'P50990', 'P09884', 'Q99615', 'O43189', 'Q99832', 'P08218', 'P12956', 'Q8TBK6', 'P20073', 'P0CG47', 'Q68CZ1', 'Q13200', 'P62979', 'O95985', 'O15519', 'Q14686', 'P05412', 'Q96KQ4', 'Q8IX12', 'P63208', 'Q9NRR4', 'Q9HCE1', 'Q9H160', 'Q6ZW49', 'Q96PZ2', 'P02749', 'O60264', 'P46783', 'Q96JN8', 'P82650', 'P50750', 'Q9UKG1', 'Q5VTR2', 'Q9H7Z6', 'Q14694', 'P49848', 'Q02447', 'Q13263', 'P02545', 'P24941', 'Q9UNE7', 'O15111', 'Q07812', 'O14737', 'Q9H0A0', 'Q9H0F5', 'Q6P3S6', 'Q9Y4A5', 'P67870', 'Q96M02', 'Q92794', 'P48729', 'Q8TEB7', 'Q9H000', 'P61088', 'Q12873', 'Q9GZV1', 'O15524', 'O75150', 'P25685', 'P61964', 'Q6PJ69', 'P55036', 'P46100', 'O14867', 'P61956', 'Q9UL15', 'Q9UKY1', 'Q13501', 'P25490', 'P60953', 'O95071', 'Q9ULJ6', 'Q7Z2E3', 'Q01105', 'Q9BV47', 'P52292', 'Q9HCI7', 'P62195', 'Q9Y222', 'Q8N680', 'O00629', 'Q9BQ67', 'Q8IW41', 'P0DMV9', 'O96028', 'P53801', 'Q9NS37', 'Q9P287', 'P40337', 'O75164', 'P07355', 'P14625', 'Q9UN86', 'O95365', 'Q13233', 'Q9HBE1', 'Q9UHI6', 'P08238', 'Q92843', 'O60285', 'Q9H9J4', 'Q6P2Q9', 'Q03164', 'Q06945', 'Q9Y618', 'Q9Y468', 'P07384', 'Q99856', 'Q16594', 'Q06330', 'O15379', 'P51946', 'P18887', 'Q16363', 'Q5JVS0', 'P12004', 'P49674', 'P06493', 'Q8IZD2', 'Q9UNA4', 'O15297', 'P11274', 'P67775', 'Q6NYC1', 'Q15424', 'P30405', 'P16234', 'Q13620', 'Q13163', 'Q9Y265', 'P46734', 'Q7Z6E9', 'Q96RU2', 'P29317', 'P10398', 'Q6PCD5', 'Q9UM63', 'P00374', 'P27540', 'P04626', 'O95352', 'P53999', 'Q9UI32', 'P10599', 'P14174', 'P29320', 'O75376', 'Q9NRM7', 'Q9NZJ0', 'P22455', 'P49407', 'Q15392', 'Q9ULV8', 'P35240', 'Q13619', 'Q99576', 'Q06187', 'P11473', 'P08581', 'P49792', 'P60510', 'P42772', 'Q15562', 'O43422', 'Q86T24', 'P61201', 'Q15170', 'Q00534', 'P62424', 'P05388', 'Q9BTA9', 'Q9NZI8', 'Q00839', 'Q92547', 'O15205', 'P61247', 'P52272', 'Q00610', 'P43246', 'P61313', 'P14921', 'P17066', 'O75528', 'Q14258', 'O60885', 'O14641', 'Q9UNF1', 'P31689', 'P36578', 'O14744', 'P55854', 'P26358', 'P62241', 'P35226', 'P62136', 'P49959', 'Q9UL18', 'P05141', 'P00491', 'O15304', 'Q9Y5Q9', 'P61353', 'Q12979', 'P20338', 'Q92598', 'P63010', 'P22626', 'P62917', 'P55884', 'Q9BTV7', 'Q15181', 'P54725', 'Q9H0Q3', 'P22314', 'Q08211', 'O75694', 'Q99496', 'O00231', 'P26373', 'Q13105', 'P63162', 'P50914', 'P17028', 'P04406', 'P36405', 'P09651', 'O15372', 'Q9UII4', 'P37231', 'P27708', 'P42677', 'P62879', 'P30419', 'P21673', 'P15880', 'Q14684', 'Q14061', 'Q9H0E9', 'Q16531', 'P62750', 'P98175', 'P14618', 'Q9C0J8', 'P62847', 'O60551', 'Q14498', 'P62701', 'Q92499', 'P62854', 'O60506', 'P08708', 'O60934', 'P50453', 'P42704', 'Q8IZT6', 'Q96M61', 'P14866', 'Q14676', 'Q14695', 'Q99547', 'Q9H3M7', 'Q02878', 'P37275', 'P12429', 'P62829', 'Q9UN74', 'P84098', 'P61626', 'Q6P3W7', 'O43261', 'O60884', 'Q66GS9', 'Q15102', 'Q5VTE0', 'Q8WZ73', 'P49888', 'Q9BQE3', 'Q07020', 'Q99497', 'Q9UHB6', 'O94979', 'P61254', 'Q8IV63', 'Q13190', 'P39023', 'P13473', 'Q03013', 'P84090', 'P62899', 'P60709', 'P02511', 'O00571', 'O95757', 'P11498', 'P42773', 'Q8NA92', 'P46821', 'Q9UKV8', 'P30050', 'Q9Y2W1', 'Q92481', 'P09661', 'P68366', 'P21333', 'P31948', 'Q15059', 'P62906', 'Q8NEZ5', 'P55774', 'P31949', 'Q9UPW0', 'P51114', 'Q00688', 'O15393', 'Q86T26', 'Q96FQ6', 'Q15326', 'O95644', 'P60903', 'O75112', 'O43638', 'O00411', 'O95571', 'Q9HBJ7', 'P25774', 'P49761', 'P33763', 'Q05823', 'Q9HCK8', 'P55318', 'P15927', 'P80511', 'P53355', 'P55316', 'Q9NSC5', 'P51449', 'Q9NZN9', 'P55060', 'Q9C009', 'B2RTY4', 'O75493', 'O75665', 'O75182', 'O00541', 'Q99584', 'P16083', 'Q49MG5', 'P08151', 'Q8WXI8', 'Q12948', 'Q9NVN8', 'Q01167', 'Q15714', 'P35251', 'P10911', 'P27487', 'Q8NFN8', 'P09958', 'P13164', 'P07858', 'P07711', 'P50454', 'Q99853', 'Q9ULY5', 'Q01628', 'Q8IXF0', 'Q9H334', 'P42345', 'Q6B0I6', 'O15353', 'Q8NDX5', 'P33764', 'Q12772', 'P85037', 'P25815', 'P33981', 'Q70CQ1', 'Q9NQC7', 'Q9BVT8', 'O94874', 'Q9H3R0', 'P15941', 'P17676', 'Q92569', 'Q9H7B4', 'P14373', 'P55209', 'P54252', 'Q96T88', 'Q9HB65', 'Q9UBK2', 'Q9UBB9', 'Q15788', 'Q92585', 'Q8N531', 'Q9BYM8', 'O15062', 'Q5T2D3', 'Q96BR9', 'Q96GM8', 'Q6GPH4', 'Q9UHH9', 'P62380', 'Q9BQ15', 'Q15759', 'O96013', 'P52926', 'Q6UXN9', 'O95251', 'P23284', 'Q9UBE8', 'P08138', 'P83105', 'P04731', 'Q9UHR4', 'O14497', 'O43504', 'Q15038', 'Q9BVJ6', 'Q9NR12', 'P83111', 'Q96RL1', 'Q96HY6', 'Q13283', 'Q14151', 'Q7Z7E8', 'Q6ZSB9', 'P24928', 'P40925', 'Q76N89', 'Q6ZTA4', 'Q13574', 'Q9H6U6', 'P54840', 'Q96SW2', 'O43715', 'Q13098', 'Q9Y5J3', 'P17252', 'P30307', 'Q86Y07', 'Q8TBB1', 'Q13761', 'Q07955', 'P28360', 'Q9HCM9', 'Q9Y4K3', 'Q9Y6I4', 'Q9Y3A5', 'P14649', 'Q9NRZ9', 'Q9H4L4', 'Q8TD17', 'O95411', 'P22061', 'Q7KZ85', 'Q15746', 'Q9Y2X0', 'Q9UPT6', 'Q96DR7', 'P24386', 'P14735', 'Q96S97', 'Q99735', 'P10586', 'Q13595', 'P02549', 'P45974', 'O00303', 'Q9Y6F8', 'Q6UWP8', 'Q86UD4', 'P20851', 'Q9NX76', 'O75208', 'Q14764', 'Q86UY6', 'Q9BXF3', 'Q96RR1', 'Q16401', 'P62861', 'Q08209', 'P23258', 'P40121', 'P49918', 'Q96PK6', 'Q15043', 'Q8TCJ2', 'P29536', 'P41091', 'P01859', 'P03915', 'Q6JQN1', 'P00747', 'P23246', 'Q07283', 'Q9Y289', 'Q9BYB0', 'P50748', 'P11310', 'Q86Y39', 'Q9H3U5', 'P05023', 'Q96L93', 'Q8IVF4', 'P18754', 'Q14790', 'Q05516', 'P46108', 'Q9ULP0', 'Q86WX3', 'Q9NTK5', 'Q9H2S5', 'P25705', 'Q9UKJ3', 'P48634', 'P09497', 'P62277', 'Q9NR09', 'P21980', 'Q14586', 'Q9BSJ8', 'Q9H0D6', 'Q13206', 'Q9BYZ2', 'P56192', 'O95394', 'P28340', 'P47914', 'P29144', 'Q13616', 'Q6K0P9', 'Q66PJ3', 'Q96SU4', 'Q9NW13', 'Q76G19', 'Q15004', 'Q01664', 'Q9BVS4', 'P31946', 'O43741', 'Q12800', 'Q14457', 'P26583', 'Q96J94', 'Q8NBJ5', 'Q9Y3D9', 'P46019', 'P82675', 'Q8ND56', 'Q9UM54', 'O75460', 'Q3MIX3', 'Q8IY18', 'Q9Y4E5', 'P51798', 'P07814', 'P33778', 'Q7Z4N2', 'P06737', 'Q13823', 'P05455', 'Q01650', 'Q8IWA0', 'Q6UW68', 'P57737', 'P0C0L5', 'Q9HC07', 'Q5SWX8', 'Q96RQ3', 'P62328', 'Q16881', 'Q9UBZ9', 'Q6VAB6', 'Q96AJ1', 'Q6UY01', 'Q96QH2', 'P62993', 'Q9UBL6', 'P02794', 'P63098', 'P62888', 'O75340', 'Q13724', 'P47756', 'Q9P0U3', 'P11597', 'Q13561', 'Q15022', 'Q6L8Q7', 'Q8WYP5', 'Q96AC1', 'P35637', 'Q9NQS7', 'P11586', 'Q15147', 'P08195', 'Q9NVP1', 'Q96RT7', 'Q14692', 'Q13085', 'Q9NTI2', 'Q96T37', 'Q12797', 'Q8TAT6', 'Q9NVM4', 'Q5T4T6', 'Q9Y675', 'P08069', 'Q9UJX6', 'Q8WWV6', 'Q2M296', 'O96019', 'Q01844', 'Q9BVI0', 'Q96N67', 'P05387', 'Q92552', 'P09496', 'Q9BQA1', 'P68871', 'Q2PZI1', 'Q2M385', 'Q9Y450', 'Q68DH5', 'P00338', 'P27816', 'P08237', 'O75688', 'P18621', 'Q8NEE8', 'Q13617', 'O75132', 'Q6UWP7', 'B1AJZ9', 'Q10567', 'Q6IA69', 'P17980', 'O75382', 'Q6ZMZ3', 'P30533', 'Q9H1Z9', 'Q9Y399', 'Q93100', 'P82933', 'O00159', 'Q3ZCM7', 'Q6ZN66', 'Q9Y2J2', 'Q96JA1', 'O96005', 'P49327', 'P07305', 'Q9H3K2', 'P46087', 'P54886', 'Q96EC8', 'Q08945', 'Q15428', 'Q13347', 'O95831', 'Q9H6X5', 'A8TX70', 'Q14032', 'Q2NL82', 'Q99581', 'Q9NQV5', 'P25440', 'Q9H4M7', 'P52701', 'P62851', 'P61513', 'Q96L21', 'Q71U36', 'Q05682', 'O00567', 'Q15629', 'Q9Y2L1', 'Q9Y5B9', 'Q99575', 'P47870', 'Q12906', 'Q02817', 'P22059', 'P19174', 'P53814', 'Q04726', 'Q96AE4', 'Q15029', 'P43243', 'P53396', 'Q9H269', 'Q96GQ7', 'Q96QD8', 'Q96K58', 'P16885', 'Q9Y2D8', 'Q9HB58', 'O15126', 'O75190', 'Q9NZC9', 'Q96L91', 'Q86W92', 'Q13247', 'P51572', 'P42695', 'Q9ULX6', 'Q16698', 'O43896', 'Q14103', 'Q14739', 'O15479', 'Q08752', 'P04843', 'P62987', 'O60231', 'P53992', 'Q7L0J3', 'Q8N3J6', 'Q9NYF0', 'Q9BV68', 'Q8IY81', 'Q8IVU3', 'A0FGR8', 'P03950', 'Q8N4C6', 'Q96CJ1', 'Q8NCP5', 'P20290', 'P13640', 'Q9C0H6', 'O00458', 'O75529', 'Q9UNX3', 'P15735', 'Q8IXM3', 'P55084', 'O14974', 'Q9Y4E8', 'Q9UPQ9', 'P60520', 'P53618', 'Q12830', 'P16402', 'P29728', 'Q15269', 'Q9P003', 'O76094', 'P48552', 'O43395', 'Q9H0U3', 'Q8N815', 'Q9H469', 'P25311', 'Q8WUM0', 'Q8IXU6', 'Q8WUD6', 'P34925', 'O60678', 'Q8IWR1', 'O60477', 'Q8N9E0', 'Q9NR80', 'P61158', 'P23497', 'Q15486', 'Q9Y294', 'Q15797', 'P27348', 'O43290', 'Q96EI5', 'Q99536', 'Q01831', 'Q9Y6K0', 'Q15393', 'Q14690', 'Q13610', 'Q13151', 'P10253', 'P60228', 'Q9ULV0', 'O95453', 'Q13393', 'Q15758', 'P29401', 'Q9H4H8', 'Q99805', 'Q15005', 'Q99798', 'Q96T23', 'P13798', 'Q5T3F8', 'Q96GG9', 'Q8TF68', 'O60936', 'O95758', 'Q96SD1', 'P11766', 'P01019', 'P49902', 'P78406', 'O60841', 'Q9NR11', 'Q92878', 'Q9UPW5', 'Q9UHD1', 'O43143', 'O75679', 'P11279', 'Q14566', 'P41743', 'P04844', 'P54855', 'O75570', 'O75083', 'Q7Z739', 'Q9Y262', 'O60563', 'O15226', 'Q5R3I4', 'Q5SYE7', 'Q13029', 'P01112', 'Q9BVK6', 'Q9Y2I6', 'Q7Z434', 'Q96K75', 'Q9UBE0', 'O75486', 'P10809', 'Q9Y3P9', 'P84074', 'Q9BYJ9', 'Q96DV4', 'P35579', 'Q96DH6', 'P51149', 'Q6ZXV5', 'Q14697', 'Q15208', 'P15924', 'P15170', 'P16403', 'Q8N841', 'Q99567', 'P15151', 'A4D1P6', 'Q9UFH2', 'Q9NR30', 'Q96NW4', 'Q6ZNG9', 'Q9BQ39', 'Q93050', 'Q2Q1W2', 'Q8N114', 'Q9UKV0', 'Q9HCE7', 'P63146', 'P61221', 'Q7Z7A4', 'P19387', 'P51813', 'Q7Z392', 'Q9UKT5', 'Q587J7', 'O00425', 'O75533', 'O94967', 'Q13049', 'O14578', 'P32456', 'P14923', 'O94832', 'Q06830', 'P47712', 'P11166', 'P13010', 'O14617', 'Q9Y263', 'Q92544', 'P63261', 'Q96KR1', 'Q8WTT2', 'A3KN83', 'Q9UFC0', 'P01100', 'P12755', 'O60566', 'Q9UKB1', 'Q8N7C3', 'Q96FA3', 'P24844', 'P16104', 'Q99466', 'Q3ZCQ8', 'P62753', 'O94952', 'O14654', 'O95235', 'O75153', 'Q8NBM4', 'Q15185', 'P35452', 'Q9HC35', 'P33993', 'A2CJ06', 'P14314', 'P05386', 'P15311', 'O00203', 'P13667', 'Q0VF96', 'P42574', 'Q9P0Z9', 'Q99741', 'Q9P258', 'Q8NI27', 'Q15717', 'Q8N0Z3', 'P12273', 'Q92611', 'Q96G01', 'Q9ULD4', 'Q5VWQ8', 'P17096', 'Q9H6S0', 'Q8NFQ8', 'P46778', 'P62318', 'P54652', 'Q9ULV4', 'Q15819', 'O94806', 'Q8WX93', 'Q8TF01', 'Q14574', 'Q8WUA4', 'P51610', 'Q96LD4', 'O00300', 'P47736', 'Q92766', 'O15260', 'Q15696', 'Q9UKX3', 'Q96C34', 'Q9H2V7', 'Q8IZK6', 'Q8TDD1', 'Q9NY61', 'Q9GZL7', 'Q4G0P3', 'Q7Z2W4', 'Q96GM5', 'Q13191', 'P46937', 'Q96BN2', 'O95905', 'Q13435', 'P35249', 'Q96P16', 'Q8NDX9', 'Q8NBN7', 'P06396', 'P08670', 'Q9H8W5', 'Q15155', 'Q13201', 'O00308', 'Q9Y657', 'P23458', 'Q9H361', 'Q06265', 'P53985', 'O95210', 'O14683', 'Q7Z3T8', 'O43707', 'Q9P2J5', 'Q32P28', 'Q13017', 'Q8IVL5', 'Q9Y3L5', 'Q9H2U1', 'Q9BYW2', 'P57078', 'O14786', 'P10275', 'Q9UJ04', 'P18124', 'Q15024', 'P46940', 'P46779', 'O60637', 'Q12769', 'Q8WWK9', 'Q13409', 'O75915', 'P37058', 'P07195', 'P49736', 'Q58FF8', 'Q13131', 'Q9H0K6', 'O76024', 'P16989', 'Q9Y4F3', 'Q5T4D3', 'Q8NHV4', 'Q9Y3A2', 'P60033', 'Q9NQX4', 'Q8NCN5', 'Q9NQC3', 'P62508', 'Q9P212', 'Q9Y5A7', 'Q13216', 'Q07666', 'O95229', 'Q53ET0', 'Q02543', 'Q15365', 'P82663', 'Q9UI36', 'Q7L2H7', 'Q9H330', 'Q9Y6X6', 'Q8TEQ6', 'Q08554', 'Q8N4S9', 'P40939', 'Q96GP6', 'Q02218', 'P62826', 'O00267', 'Q93008', 'Q13310', 'O43684', 'Q7L1S5', 'Q6DHV5', 'Q96SI1', 'Q86VQ1', 'Q6ZV73', 'Q6ZN30', 'Q9NS91', 'P24522', 'Q13164', 'Q9GZQ8', 'Q9NX55', 'Q86WT6', 'P23771', 'Q9NY72', 'Q8N9B5', 'Q6EMB2', 'Q8TEW0', 'Q99848', 'P40938', 'P62263', 'Q53EZ4', 'P68371', 'P78347', 'P09493', 'Q8NEZ4', 'O14735', 'Q9H2P0', 'Q7L2E3', 'P50416', 'P51003', 'P22102', 'P46977', 'Q00653', 'Q86XN7', 'Q01780', 'P30825', 'Q13360', 'Q8TCT9', 'Q9NZ01', 'Q96L50', 'P61960', 'Q9H1K0', 'P12236', 'Q8IWZ6', 'Q9P270', 'O15105', 'Q504Q3', 'O43593', 'P04908', 'Q07890', 'Q9BZG8', 'Q9Y2S7', 'Q5T4S7', 'Q07065', 'Q92729', 'Q14137', 'O14556', 'P50570', 'Q8IVW6', 'Q00613', 'O43719', 'P25205', 'Q96MP5', 'O60749', 'Q9UDT6', 'Q92945', 'O75038', 'Q969S9', 'A6NHC0', 'Q9UK59', 'Q08722', 'Q96EP0', 'O43474', 'O94986', 'Q4G0J3', 'Q04864', 'O95835', 'P14136', 'Q96BD6', 'O75970', 'Q96B26', 'Q9ULT8', 'Q13573', 'Q8TD20', 'Q92985', 'P25106', 'Q9UBU9', 'P31944', 'Q8N1G2', 'Q9C0B5', 'Q02413', 'Q02790', 'P19113', 'Q86TI2', 'Q01968', 'Q92900', 'P55735', 'P43405', 'Q99880', 'O95674', 'O95292', 'Q8NI36', 'Q58A45', 'Q969E2', 'Q6N021', 'Q9HD45', 'P61224', 'P36956', 'Q8N302', 'O43819', 'Q09028', 'P62841', 'Q96EY7', 'Q9NY65', 'P98179', 'Q86WV6', 'P67936', 'Q15459', 'Q15003', 'Q9NTJ5', 'P01040', 'Q9UNX4', 'Q8NA58', 'O00139', 'Q86WD7', 'P05165', 'P54278', 'P28370', 'Q15942', 'Q969M3', 'P55786', 'O94855', 'Q96NE9', 'Q9UBT6', 'Q9HAQ2', 'Q9UEY8', 'Q6IA86', 'Q9NRX5', 'Q969K3', 'Q9UQL6', 'Q9H8V3', 'Q5VV17', 'Q8IWR0', 'Q13363', 'P68104', 'Q9Y520', 'Q96DU7', 'Q9BTZ2', 'Q8N5Z5', 'Q9UG63', 'Q8WXH0', 'Q86UK7', 'Q14204', 'Q12788', 'P51659', 'Q96AA3', 'P33991', 'P51665', 'P28070', 'P35610', 'O00764', 'Q15386', 'Q86VS8', 'Q8NBF2', 'Q9BSC4', 'Q9NPI6', 'Q9GZR7', 'Q8WYQ5', 'Q96RK0', 'Q86VM9', 'Q9P2P5', 'Q68DV7', 'Q02952', 'Q9NYK5', 'P50552', 'Q15075', 'Q15436', 'Q13423', 'Q8N766', 'Q8IYA6', 'Q14126', 'O15520', 'Q00341', 'Q5BKZ1', 'Q13415', 'Q13127', 'P31040', 'P26639', 'Q99878', 'Q13443', 'P35606', 'Q5SSJ5', 'Q5T619', 'Q9NSE4', 'Q9NUM4', 'Q1KMD3', 'Q13887', 'Q09666', 'Q96PM9', 'O75478', 'Q12980', 'Q92759', 'O60343', 'Q16576', 'P46781', 'P61962', 'P39019', 'P06753', 'Q8IVB4', 'O75844', 'O60331', 'Q15828', 'Q9BSJ2', 'P33176', 'P20700', 'P05166', 'P54277', 'A6NL08', 'O75534', 'Q9H2H9', 'O75352', 'Q7L014', 'Q8N752', 'Q9Y5A9', 'Q9HCC0', 'P35611', 'Q8WXF1', 'Q7Z417', 'Q5T447', 'P08559', 'Q9NWT6', 'Q15468', 'O75832', 'Q13077', 'O15355', 'Q9Y676', 'O43837', 'Q6NZ67', 'Q562R1', 'O00746', 'O14828', 'Q15041', 'Q9UG01', 'Q02224', 'Q99808', 'P61604', 'Q96MU7', 'P33992', 'Q99460', 'Q9Y672', 'P08621', 'Q9NV58', 'B5ME19', 'O60271', 'Q5T749', 'Q9NQH7', 'Q5SY16', 'P27824', 'Q9NWB6', 'Q6RW13', 'P18283', 'Q16659', 'Q8IYP9', 'O60248', 'P05787', 'Q58F21', 'O94864', 'Q53H96', 'Q99684', 'O60573', 'P22087', 'Q86V81', 'P40123', 'P78395', 'Q8TB61', 'O75095', 'Q9Y5Y0', 'P49916', 'P26038', 'Q96JP5', 'P46063', 'Q9UBV2', 'P62805', 'Q96RP9', 'O43304', 'P49588', 'Q86UL3', 'Q9BW60', 'Q9UJJ7', 'Q6VY07', 'Q5VWQ0', 'Q7L2J0', 'O14576', 'Q92890', 'Q9NRC8', 'Q13489', 'Q9BYF1', 'P36406', 'Q7Z4G4', 'Q5T9A4', 'Q9BZR9', 'Q15008', 'Q14257', 'Q96A35', 'Q07912', 'P62269', 'P24385', 'Q9NQX3', 'Q96BP3', 'Q9UBX3', 'O95486', 'A1X283', 'O60282', 'Q14596', 'Q13464', 'O60602', 'Q9BVG9', 'P30041', 'Q5VT06', 'Q96AY3', 'Q9P035', 'Q5BKY9', 'Q7Z6B0', 'Q15303', 'P24588', 'O60675', 'O60763', 'Q13472', 'P62191', 'Q9Y2Q9', 'P52597', 'P55083', 'P07948', 'A8K0R7', 'O15127', 'Q14166', 'Q9UGI8', 'Q14839', 'O43491', 'P41252', 'Q8TD19', 'P51608', 'P01270', 'P61619', 'P48307', 'O75821', 'Q8IWQ3', 'Q5TDH0', 'Q9C0C9', 'Q9BXS9', 'Q9BY49', 'Q8IYB7', 'Q9UK58', 'O43623', 'O95819', 'Q8N960', 'Q8IVT5', 'O15016', 'Q9BWF2', 'P42226', 'Q5U5Z8', 'Q9NP81', 'Q9UKN8', 'O60488', 'P83731', 'P62736', 'Q9H444', 'Q15750', 'Q6Y1H2', 'Q5T6F0', 'Q9Y6A9', 'P01591', 'Q7RTX1', 'P35241', 'P62995', 'P32119', 'Q658Y4', 'Q9C0D2', 'Q9Y4C2', 'Q8NE71', 'Q9NZT1', 'Q9H3P7', 'P16615', 'Q8ND82', 'Q5JSH3', 'Q9NPB8', 'Q13972', 'Q9BQA5', 'P04083', 'Q15349', 'P13497', 'Q92925', 'Q9NVI7', 'Q96PE2', 'Q8IY67', 'Q8N8S7', 'Q13950', 'Q16643', 'P62249', 'Q8IYX0', 'O43390', 'O15042', 'Q9Y678', 'P61803', 'Q9UHD8', 'Q8TC20', 'Q14807', 'P43355', 'O15067', 'P30876', 'P46776', 'O43657', 'O75385', 'O00178', 'O94887', 'Q9BXB4', 'O43747', 'Q9H2J7', 'Q9P2F6', 'Q8NF64', 'O94992', 'Q3YEC7', 'Q6ZU80', 'P36957', 'O75469', 'Q9NUE0', 'P63151', 'Q13509', 'O60783', 'P31943']"
4,O60216,"['Q8WVM7', 'P27635', 'P55265', 'P31327', 'Q9NZD4', 'Q92995', 'P42704', 'P07900', 'P10909', 'P11142', 'P05198', 'Q96CF2', 'P06702', 'P03372', 'P27694', 'P38398', 'P27695', 'P14061', 'Q92731', 'Q9NRI5', 'P61956', 'Q9Y2M5', 'Q8N6T7', 'Q13573', 'O75807', 'P62328', 'P27708', 'P49427', 'P62805', 'Q8IYB3', 'P39748', 'O60885', 'P25490', 'O00571', 'P49736', 'P63165', 'Q04637', 'Q96PM5', 'P51587', 'P50750', 'Q9UJX5', 'Q15910', 'P62826', 'Q15418', 'P15927', 'P22059', 'Q9BSQ5', 'Q9BXJ9', 'P42166', 'P49327']"
5,P12004,"['Q07820', 'Q9H4L7', 'P36955', 'Q9NP98', 'P11142', 'Q5S007', 'P04637', 'Q13315', 'Q13615', 'P09429', 'P16615', 'P51149', 'Q14694', 'P00519', 'P13473', 'O94874', 'P38936', 'P49918', 'P27695', 'P27694', 'P14635', 'P13569', 'P23025', 'P38398', 'P54725', 'Q9Y263', 'Q04206', 'Q9BWH2', 'Q9Y3E7', 'Q9UK41', 'Q9BZV1', 'Q9Y371', 'Q99497', 'Q9GZQ8', 'Q96HY6', 'Q9H0E2', 'P01106', 'Q9UBN7', 'Q9H492', 'P11387', 'Q9Y4K3', 'Q00534', 'O96028', 'Q99714', 'P61956', 'P24522', 'Q9H211', 'Q09472', 'Q14191', 'P02545', 'P24864', 'Q00987', 'Q13569', 'Q13698', 'P52179', 'P62328', 'Q15382', 'P00533', 'Q9Y613', 'P02511', 'P27797', 'P25054', 'P35637', 'O60356', 'P35222', 'Q12834', 'P46937', 'P39748', 'P63165', 'P24385', 'Q13547', 'P30307', 'Q9UBV7', 'Q71UI9', 'Q92793', 'P52948', 'P83731', 'Q15843', 'P62805', 'P07237', 'P49736', 'O60885', 'P49005', 'Q15004', 'P30281', 'P12956', 'Q96T88', 'P06454', 'P24928', 'Q06609', 'P13010', 'P53999', 'P51587', 'P31431', 'P52597', 'Q53GG5', 'P05386', 'O75928', 'P58753', 'P30260', 'P01137', 'Q15910', 'P15927', 'P07355', 'P40692', 'Q13617', 'Q92574', 'Q8N3V7', 'Q9NQC7', 'P83916', 'Q96EP1', 'O00308', 'O95071', 'P26368', 'Q9H3M7', 'Q14258']"
6,Q15654,"['P49023', 'O60493', 'P55072', 'P10997', 'O95696', 'P54646', 'P12931', 'O95352', 'Q96DA2', 'P61960', 'Q13131', 'P16144', 'Q13501', 'Q63HN8', 'P54725', 'Q9NYB9', 'P03372', 'Q9HBF4', 'Q04206', 'P01106', 'Q9H0E2', 'Q92731', 'Q9UHD9', 'Q9H0W8', 'Q99714', 'P28749', 'O00585', 'Q9UBT2', 'P62328', 'P46937', 'O15169', 'Q07866', 'P07237', 'Q9Y6K9', 'Q92905', 'O14810', 'P08631', 'P04626', 'Q8WUP2', 'Q05397', 'Q9NXV2', 'Q8N5H7', 'Q14995', 'O95835', 'Q9NQC7', 'Q13526', 'O95155']"
7,Q93062,"['Q96PU8', 'A5D8V6', 'Q13131', 'Q86WG5', 'P54646', 'P40337', 'Q9H0E2', 'Q99816', 'Q9NQB0', 'P27695', 'Q92731', 'P14678', 'Q00534', 'P01116', 'Q16740', 'Q9NX55', 'Q9UJX2', 'Q13573', 'P62328', 'Q9NRY2', 'O95429', 'Q99958', 'Q9BUL9', 'P08631', 'Q15637', 'Q9UBU9', 'O75554', 'P84022', 'Q13526', 'P04275', 'Q92574', 'P55197', 'Q14995']"
8,P38936,"['P40763', 'P31749', 'Q96CV9', 'P55072', 'P47897', 'P00488', 'P04637', 'P62820', 'P11142', 'P42704', 'P07900', 'P05109', 'Q7KZI7', 'P24385', 'P24941', 'O95257', 'P11802', 'Q99816', 'Q9P287', 'O94921', 'O96020', 'P78396', 'P20248', 'P12004', 'P24522', 'P30281', 'P30279', 'P24864', 'Q9NZJ0', 'Q00535', 'P14635', 'Q00534', 'P09874', 'P25788', 'Q00526', 'Q13309', 'P06493', 'P04183', 'Q01105', 'Q00987', 'Q9UHC7', 'O95067', 'P67870', 'P61024', 'Q12834', 'O15151', 'P61289', 'P38936', 'Q13619', 'Q16531', 'Q96N67', 'Q71U36', 'Q13200', 'P51784', 'P63208', 'Q13547', 'Q99741', 'Q99459', 'O75419', 'Q09472', 'O75496', 'P42574', 'Q7L590', 'P06748', 'P03372', 'P45983', 'P11309', 'Q15004', 'P0CG47', 'Q9ULV3', 'Q92793', 'P49715', 'Q9BV68', 'Q9UIM3', 'Q9UII4', 'Q8IYF3', 'Q15323', 'Q15834', 'P22674', 'Q8NFF5', 'Q96CS2', 'Q08999', 'Q9BYV2', 'P16455', 'Q8TEB1', 'Q7Z699', 'P46379', 'P33552', 'P05412', 'Q99683', 'Q9BQ15', 'P49005', 'P30260', 'Q96FS4', 'Q8N2Y8', 'Q7LG56', 'P40337', 'Q15078', 'O14757', 'Q15532', 'Q7Z419', 'P19474', 'P06400', 'O00311', 'P31751', 'Q9H2D6', 'Q9NXK8', 'P24534', 'Q6NYC8', 'P23511', 'P04406', 'P27348', 'Q9UBI6', 'Q9BSJ8', 'Q9UP83', 'Q96L50', 'Q96PU4', 'Q9UNE7', 'P14373', 'Q16539', 'Q08379', 'Q93063', 'P14618', 'Q7L5D6', 'P62701', 'O95785', 'P52742', 'Q13557', 'Q04864', 'P55854', 'Q6UXH1', 'P05452', 'O00330', 'P42766', 'P07858', 'Q9Y6K9', 'O95248', 'P61978', 'P62879', 'P55084', 'P38606', 'O94952', 'Q15047', 'Q9BT40', 'P35226', 'Q13432', 'Q8WTW4', 'P62851', 'O75179', 'Q15329', 'P11473', 'Q07020', 'Q12888', 'O94805', 'P02675', 'P13196', 'Q12979', 'O75643', 'P35998', 'P24928', 'Q9BVG8', 'Q99832', 'P19338', 'Q9H3G5', 'P55055', 'P29400', 'P62328', 'P62249', 'Q16254', 'Q14397', 'P31321', 'Q92900', 'Q02978', 'P60709', 'P68104', 'Q9UHY1', 'P22626', 'Q5T4S7', 'Q13643', 'Q9Y4A5', 'Q8N6Y0', 'O14576', 'Q05516', 'P0CG48', 'Q14671', 'Q8WWL7', 'P32754', 'P46934', 'O75529', 'P15880', 'P46781', 'P07199', 'P51693', 'P06576', 'Q8IY67', 'Q13617', 'Q9UBB9', 'O95865', 'Q8NBE8', 'Q4VCS5', 'Q14677', 'Q14940', 'Q6PKC3', 'P50222', 'Q7KZ85', 'P15884', 'P51692', 'Q8NEZ5', 'Q6EMB2', 'Q5SZQ8', 'Q9Y600', 'Q9H324', 'P54652', 'Q92466', 'Q13616', 'Q9BRK4', 'P11177', 'Q8IZ69', 'Q5T3J3', 'P15735', 'Q15029', 'Q07002', 'Q92934', 'Q9BVA1', 'Q9HB58', 'Q13425', 'Q9UKT9', 'Q5JR59', 'Q96DB2', 'P04217', 'Q7L5N1', 'P54252', 'P0DMV9', 'Q9HCM9', 'Q09028', 'Q75N90', 'Q5RL73', 'P46020', 'Q9BYJ9', 'Q14188', 'Q15025', 'Q2Q1W2', 'Q13509', 'P08138', 'Q9UHX1', 'Q13077', 'Q9BYR8', 'Q8TDN4', 'Q9NPI5', 'Q5VU43', 'Q8WYH8', 'Q04724', 'O14654', 'Q9P2M1', 'O75398', 'P51668', 'O15078', 'O60343', 'Q14186', 'Q969F2', 'P78317', 'Q96J87', 'P62195', 'P13378', 'Q13107', 'Q7Z569', 'Q13724', 'Q92831', 'Q969P5', 'Q6PIJ6', 'P01023', 'Q12766', 'P38646', 'Q86W92', 'Q7Z5J4', 'Q96FN4', 'Q16236', 'O95071', 'P07437', 'P10599', 'P19838', 'O15123', 'P08670', 'P84022', 'O75376', 'Q6ZSJ9', 'Q9Y508', 'Q96FW1', 'O60383', 'Q9Y3C7', 'Q9NZI8', 'Q13136', 'O43927', 'Q0VD86', 'Q9BRK5', 'O95741', 'Q9HB63', 'P58107', 'Q8NFZ5', 'Q6P4I2', 'Q8TF32', 'Q53ET0', 'Q9UID3', 'Q9Y618', 'Q96ED9', 'P05060', 'Q9UNN5', 'P43246', 'Q6P2Q9', 'O60516']"
9,Q13643,"['Q8IY63', 'O95696', 'O95391', 'Q96PU8', 'P02760', 'Q96AG3', 'Q86WG5', 'P11142', 'Q16665', 'P01100', 'P38936', 'P60709', 'P14678', 'P51788', 'Q13485', 'P62328', 'Q8N488', 'Q13573', 'P16220', 'P30307', 'P28698', 'Q15796', 'P84022', 'P30281', 'Q15910', 'Q13542', 'O96017', 'P01137', 'Q15004', 'P29590', 'Q9BYI3']"
10,Q8ND90,"['Q9GZZ9', 'P63104', 'P56524', 'Q9NP98', 'Q96BY2', 'Q68DK2', 'O14964', 'Q9UMX0', 'Q9UQN3', 'Q9NRR5', 'P60709', 'P14678', 'P41743', 'Q9NRI5', 'Q9UER7', 'P62328', 'Q96PY5', 'P08631', 'Q9BUL9', 'Q9H1D0', 'Q9H5I1', 'Q13526']"
11,P31943,"['Q9UQ35', 'Q9NRN7', 'P31327', 'P55072', 'P07550', 'O43791', 'O60568', 'Q9BY41', 'P23588', 'P21675', 'P31749', 'Q6GQQ9', 'Q9H4L7', 'P50542', 'O94874', 'O00750', 'Q5BJD5', 'Q16666', 'P78356', 'O95166', 'Q13131', 'Q96CF2', 'P60520', 'P04637', 'Q9H492', 'Q9H0R8', 'P13569', 'P14859', 'P40337', 'Q08209', 'Q96HY6', 'Q9UMX0', 'P38398', 'Q9HCE7', 'P31751', 'Q9Y3I1', 'Q9Y577', 'P37840', 'O75324', 'P27694', 'P27695', 'P01106', 'Q9BXM7', 'Q9H444', 'Q9GZQ8', 'P01730', 'P61244', 'Q9UHD9', 'P61956', 'Q92597', 'Q8N6T7', 'Q9UN86', 'P49902', 'P14678', 'P26196', 'Q13627', 'P49419', 'O00418', 'Q8NER1', 'P78563', 'P19525', 'P40939', 'P78352', 'Q2M1P5', 'O95433', 'O96028', 'Q9Y6K1', 'P09651', 'P00533', 'P22626', 'Q13148', 'P80723', 'P35637', 'Q09161', 'P52298', 'P02545', 'Q13573', 'O43464', 'O75807', 'Q00987', 'Q12972', 'P07305', 'P50616', 'P46937', 'Q93009', 'P62328', 'O14733', 'P10275', 'P15311', 'Q9UBE0', 'Q9UMS4', 'P09132', 'P37231', 'Q9UBB5', 'P16333', 'Q15382', 'O60356', 'P52272', 'P08621', 'O14776', 'P63165', 'Q92804', 'Q15843', 'P38919', 'Q92905', 'Q15717', 'O60885', 'Q8N1G2', 'Q03519', 'Q15583', 'O60502', 'P28698', 'O00571', 'P24385', 'Q00169', 'Q96PU5', 'P51965', 'O14672', 'P49736', 'Q14194', 'O75683', 'Q96PM5', 'P62805', 'P52597', 'Q92945', 'P50750', 'O95292', 'P50402', 'O95718', 'Q07955', 'Q16576', 'P62318', 'Q9UJX3', 'Q15418', 'Q96T88', 'Q15637', 'P62877', 'O14713', 'P09038', 'Q13451', 'P31431', 'P05067', 'Q12905', 'Q14653', 'Q15004', 'Q01081', 'Q07912', 'Q92973', 'P15927', 'Q96IZ0', 'P06748', 'Q7L2J0', 'P26368', 'Q13526', 'Q00653', 'Q13617', 'Q9NQC7', 'Q10589', 'P61587', 'O00299', 'O14977', 'O60825', 'P42166', 'O00308', 'P83916', 'Q9BRZ2', 'Q14258', 'P54368', 'P54578', 'P30542', 'Q9BSQ5', 'Q8N3V7', 'P62330', 'P55211']"
12,P63261,"['P63104', 'O43791', 'P07550', 'Q96CV9', 'Q5S007', 'O43353', 'P07900', 'Q13501', 'O94874', 'P04637', 'Q14596', 'P01106', 'Q9Y4K3', 'Q04206', 'P04150', 'Q9H0E2', 'Q9UBN7', 'Q92731', 'Q9GZQ8', 'Q96HY6', 'P38398', 'Q9NRI5', 'P02649', 'P42858', 'P60709', 'Q92597', 'P61956', 'O43318', 'P84243', 'Q01968', 'P01116', 'P54577', 'P62328', 'Q9Y613', 'P08047', 'P35222', 'P25963', 'O60356', 'P27708', 'Q00987', 'Q9Y6K9', 'P62805', 'P21333', 'P49736', 'P63165', 'P04083', 'O60885', 'P62877', 'P28324', 'P62826', 'Q16543', 'Q15910', 'P06748', 'P01137', 'P50750', 'P06401', 'Q6VMQ6', 'Q7L2J0', 'P40692', 'Q00653', 'Q13164', 'P08670', 'P15374', 'Q13363', 'O00308', 'P54578']"
13,Q9Y2V7,"['Q8IY63', 'P47897', 'O95721', 'O95295', 'Q86Y82', 'Q9Y4K3', 'Q04656', 'P13569', 'Q06787', 'Q92731', 'Q9H9E3', 'P14678', 'P62328', 'P00533', 'Q07866', 'Q13563', 'Q86TV6', 'Q99598', 'Q92574']"
14,P35226,"['P55265', 'O43791', 'P60484', 'Q68D10', 'P55072', 'P20592', 'O15391', 'Q9UQ35', 'O00214', 'P11940', 'P26447', 'Q9UQ80', 'Q16629', 'Q9H875', 'P63104', 'P49915', 'O60493', 'Q9UPP1', 'O95147', 'P42704', 'P04637', 'Q13315', 'P51149', 'Q16666', 'P05198', 'O15294', 'Q00610', 'Q5BJD5', 'Q5T8D3', 'Q7LBR1', 'P62820', 'Q14694', 'P07900', 'P05455', 'Q96HS1', 'Q9H270', 'Q9Y3E7', 'P27694', 'Q8WZ42', 'P37840', 'Q06787', 'P38936', 'Q9HD42', 'Q9UQN3', 'P14859', 'Q99623', 'Q9NZZ3', 'Q99497', 'P46527', 'P11387', 'Q9H444', 'P17096', 'Q9UN86', 'O96019', 'Q14011', 'P45973', 'P14678', 'Q15233', 'O95831', 'P37837', 'P61956', 'P36776', 'P40939', 'P78563', 'P19525', 'Q92785', 'Q9UL18', 'Q8N488', 'P04908', 'Q93009', 'Q13573', 'P52298', 'Q13148', 'Q9UKV8', 'P02545', 'Q09161', 'P35637', 'P10275', 'P21246', 'P62328', 'O96013', 'P51608', 'P15311', 'P27797', 'Q9Y613', 'Q16236', 'Q9HAU5', 'P07305', 'P49757', 'O00488', 'Q9UBT2', 'P05387', 'P80723', 'Q9HAN9', 'O14974', 'P09651', 'Q14978', 'Q09472', 'P22626', 'P24864', 'Q15717', 'P38919', 'P07237', 'Q92900', 'O15234', 'Q92804', 'P62805', 'P25490', 'P04198', 'P08621', 'P06730', 'P04083', 'Q7RTP6', 'Q92793', 'Q9BS26', 'P21333', 'O95400', 'P78362', 'P52272', 'Q96RF0', 'Q9NRR4', 'P83731', 'O60885', 'P13861', 'P0DMV9', 'P68363', 'Q96T58', 'Q8IYB3', 'P63241', 'Q04637', 'Q9BUQ8', 'P13010', 'Q07666', 'P26599', 'Q12905', 'Q15910', 'P06401', 'Q92945', 'P50402', 'P06454', 'P08514', 'O43172', 'Q01081', 'P17931', 'Q9UBU9', 'P05386', 'P36578', 'Q96IZ0', 'Q07955', 'Q8WXE9', 'P52597', 'P62826', 'Q9UHB7', 'P12956', 'P15927', 'P06748', 'P09012', 'P53999', 'P11686', 'Q13162', 'Q14444', 'O95071', 'Q96AE4', 'Q7L2J0', 'Q13838', 'P23771', 'Q9UPY3', 'Q92499', 'Q8TEQ6', 'O00299', 'Q8N3V7', 'Q14258', 'Q9BRZ2', 'O60934', 'Q9Y5S9', 'P11166', 'Q16667', 'P26368', 'P49327', 'P42166', 'Q16630', 'O00308']"
15,P13196,"['Q5T1C6', 'P00749', 'Q68DK2', 'P42338', 'P42704', 'P38936', 'P40337', 'Q16740', 'P61956', 'P36776', 'P62328', 'O43516', 'Q96PM5', 'P04183', 'Q8IYW5', 'O95630', 'Q9UBU9', 'P04271']"
16,P36406,"['O00214', 'P21580', 'Q9NP98', 'P49789', 'P07900', 'O14964', 'Q13049', 'Q63HN8', 'P04637', 'Q13501', 'Q9UHD2', 'Q9UMX0', 'Q92731', 'Q99816', 'Q9H0W8', 'P14678', 'P00533', 'P52179', 'P62328', 'Q00987', 'Q13573', 'P51965', 'Q9Y6K9', 'Q8IUQ4', 'Q96N21', 'Q15637', 'O75928', 'P62330', 'Q9BV68', 'Q92608', 'P40692', 'Q14565']"
17,Q9H5J8,"['O00410', 'P54257', 'P78563', 'P51608', 'P21246', 'P62328', 'P07199', 'P17480', 'P78362', 'P06748', 'Q92913', 'Q15910', 'P36578']"
18,Q6A162,"['P56524', 'P63000', 'O95391', 'O14964', 'Q68DK2', 'Q63HN8', 'Q13131', 'P16144', 'P14678', 'P26196', 'Q49AN0', 'P62328', 'P16860', 'Q13573', 'O15169', 'P08631', 'P13647', 'Q9H1D0', 'Q9UBU9', 'Q92608', 'Q13563', 'Q14995', 'Q13526', 'P23280']"
19,P68133,"['P31749', 'Q9BY41', 'Q96C86', 'P63104', 'P12931', 'P00519', 'Q7LBR1', 'Q5S007', 'P50570', 'Q6UWE0', 'Q16665', 'Q9Y2R2', 'Q04206', 'Q8WZ42', 'P03372', 'Q9Y2M5', 'P42858', 'Q16625', 'Q01968', 'P62328', 'P00533', 'O43464', 'Q9Y613', 'Q9Y6Q9', 'P46937', 'Q09472', 'P27986', 'P13693', 'Q13547', 'P62805', 'P04083', 'P49736', 'P10721', 'P02549', 'P23443', 'O60829', 'Q15004', 'P17931', 'P02774', 'Q14019', 'Q14565', 'P08670', 'Q7L2J0', 'P07355', 'O95835']"
20,Q16637,"['P13674', 'P27635', 'P47897', 'P04637', 'P10415', 'Q13501', 'Q96CF2', 'P54646', 'Q9UK41', 'Q92731', 'P03372', 'Q96HY6', 'Q9Y4K3', 'Q9H444', 'P19793', 'P27695', 'P14678', 'P60709', 'Q15233', 'Q9UHK0', 'Q8N6T7', 'O96028', 'P35637', 'P49841', 'Q13573', 'Q9UBB5', 'P22626', 'P04908', 'P09651', 'O75807', 'P09132', 'P62328', 'P08621', 'O75817', 'P62805', 'Q13547', 'Q9Y6K9', 'P07199', 'O14776', 'P62318', 'P24928', 'O95149', 'P09012', 'P52597', 'Q15910', 'P06748', 'Q8TEQ6', 'Q96AE4', 'P46379', 'P01023', 'Q12888', 'P08572', 'Q9UPY3', 'P42166']"
21,Q15323,"['P56524', 'Q9BZE9', 'Q9NYV4', 'P07197', 'O14964', 'Q7Z3C6', 'Q14088', 'O94817', 'P54646', 'Q969Q5', 'P60520', 'P16144', 'P00519', 'P38936', 'Q9NYB9', 'Q99816', 'P13569', 'Q92731', 'Q9H0W8', 'P07196', 'Q86WX3', 'P14678', 'Q12834', 'P62328', 'Q13573', 'P52179', 'P49354', 'Q16611', 'P13647', 'Q96N21', 'O95429', 'Q07866', 'P08631', 'Q04637', 'Q9UBV7', 'Q15637', 'Q9UBU9', 'P05107', 'P40818', 'Q13526', 'P23280', 'Q13838', 'Q99598', 'Q92608', 'O95835']"
22,P14373,"['P18075', 'P47897', 'P60484', 'P56524', 'Q13153', 'Q8TDY2', 'O00750', 'O14964', 'Q13049', 'P04637', 'O15118', 'Q5S007', 'Q63HN8', 'Q13131', 'Q96CF2', 'Q676U5', 'Q9HC29', 'Q9UHD2', 'Q9BRG1', 'P23025', 'Q9GZU1', 'Q9UK41', 'Q9UBN7', 'P03372', 'Q9NQB0', 'P38936', 'Q92731', 'P38398', 'Q14449', 'Q9H444', 'Q9NRI5', 'P26196', 'O43318', 'Q01968', 'Q8N6T7', 'Q9H0W8', 'Q93009', 'Q9UJX2', 'Q9UBB5', 'Q00987', 'Q8N488', 'P25963', 'O75496', 'P37231', 'P62328', 'Q9UER7', 'Q9H832', 'O15169', 'Q13547', 'P06730', 'P38919', 'P62805', 'P51965', 'P08631', 'P13693', 'Q8IUQ4', 'Q99958', 'P06400', 'P09012', 'Q12905', 'O75928', 'Q96B02', 'P62877', 'P29590', 'Q14995', 'Q99598', 'P46379', 'O15344', 'Q13526', 'P35269', 'P18615', 'Q9BYI3', 'P15374']"
23,Q03933,"['Q16629', 'P36952', 'P11142', 'P61956', 'A8K2U0', 'Q09161', 'P62328', 'P15309', 'Q12834', 'P35638', 'O95429', 'P63165', 'P0DMV9', 'P04083', 'P30260']"
24,P40692,"['Q14318', 'P36955', 'P56962', 'Q9H4L7', 'P11142', 'Q13315', 'P78356', 'O95166', 'P09429', 'Q13501', 'P38398', 'P01106', 'Q9UBN7', 'P03372', 'Q9H0E2', 'Q9UID3', 'Q9BV40', 'P23025', 'P27695', 'O95831', 'P29372', 'Q10567', 'Q15233', 'Q92597', 'P62328', 'Q13573', 'O60888', 'Q15797', 'P50750', 'P52564', 'Q01081', 'P54278', 'P43246', 'P52701', 'P20585', 'P54132', 'P54277', 'Q9BX63', 'Q9UQ84', 'O15457', 'O95243', 'Q9UHC1', 'Q9Y2M0', 'Q13813', 'Q9NXL9', 'P52292', 'P12004', 'O60934', 'Q96NE9', 'Q4VCS5', 'Q9UJA3', 'Q14134', 'P07355', 'P63261', 'P17661', 'P07858', 'Q16658', 'Q9Y253', 'O75152', 'O94941', 'P15173', 'P43361', 'P63010', 'Q8N5R6', 'P25786', 'O76039', 'Q96GN5', 'Q8TBE9', 'P49750', 'Q66LE6', 'P78527', 'Q99698', 'P51805', 'O00443', 'Q00341', 'P47755', 'Q14974', 'Q9ULG1', 'Q9Y265', 'Q9NVI7', 'Q9Y230', 'Q96N67', 'P53007', 'P30153', 'P11216', 'Q14683', 'P63151', 'P25705', 'Q8IZH2', 'Q00005', 'Q5T9A4', 'Q9NYI0', 'P17813', 'P16298', 'Q15008', 'Q14157', 'P48454', 'Q14247', 'P62714', 'Q92878', 'P35251', 'P49959', 'P42574', 'O43929', 'Q99728', 'P16104', 'Q14032', 'Q8TF47', 'Q9H9S4', 'O00299', 'Q5RL73', 'Q8WWY6', 'Q12974', 'Q96JJ3', 'O14867', 'Q9NYB0', 'Q7L8L6', 'P56470', 'Q9BY44', 'Q6NX45', 'P00966', 'Q7Z7L7', 'P26641', 'Q9Y6Y9', 'Q9UDW3', 'P15880', 'P63267', 'P26045', 'O75369', 'P13639', 'P09211', 'Q01995', 'Q7Z6R9', 'Q13360', 'Q14938', 'Q9UHF4', 'Q9BXW9', 'P60323', 'Q02817', 'P08133', 'Q9Y6R7', 'P04629', 'Q9NU63', 'O15484', 'P37058', 'Q96PP4', 'Q9ULR0', 'P10398', 'P62249', 'Q86YD7', 'P04075', 'O95994', 'O60645', 'Q99757', 'O43688', 'Q9H3P2', 'O95232', 'Q15370', 'P01834', 'O15020', 'Q96T76', 'O00217', 'Q99798', 'Q8TAP6', 'Q9UDV6', 'Q9H0J9', 'O15438', 'Q96LY2', 'Q86UY6', 'Q9BV35', 'Q14093', 'P10636', 'Q15080', 'Q9UGK3', 'P15336', 'P07741', 'O75474', 'P10599', 'Q6S9Z5', 'P41222', 'Q14315', 'P45974', 'O60911', 'Q6PF18', 'Q969T7', 'Q13228', 'O95870', 'P48729', 'O00746', 'Q9NV92', 'P05062', 'O15131', 'Q9Y247', 'O95169', 'Q9UHV5', 'Q07065', 'Q9BZZ5', 'Q5JTZ5', 'P46782', 'P12277', 'O96006', 'Q6MZQ0', 'P54727', 'P60660', 'Q15836', 'Q9BX70', 'O15016', 'Q969P5', 'Q9NZL3', 'Q9UJU2', 'Q6RVD6', 'P61619', 'Q9P2E9', 'P36406', 'Q96KQ4', 'Q9H0S4', 'Q9NVD7', 'Q86UC2', 'Q9H4M7', 'Q8NHU6', 'Q5T749', 'P53621', 'Q9NUN7', 'Q0PNE2', 'Q9P2H0', 'O95926', 'O15055', 'Q5T0D9', 'Q9HD43']"
25,Q5UIP0,"['Q9UPP1', 'P15498', 'Q15013', 'P55072', 'Q5S007', 'Q13286', 'P54257', 'P09429', 'P05109', 'P27695', 'P01106', 'P03372', 'Q9H4P4', 'P27694', 'P38398', 'P61956', 'P30519', 'Q9Y2M5', 'P45973', 'Q09472', 'P46531', 'Q13573', 'P42568', 'P62328', 'Q14061', 'P02545', 'P62805', 'Q99958', 'P24385', 'Q96GD4', 'Q15583', 'Q86UE8', 'P04183', 'P25490', 'Q9BS26', 'O60885', 'P15927', 'O60828', 'Q15004', 'Q15418', 'P78560', 'P05386', 'O60829', 'P12956', 'P54132', 'Q12888', 'Q8N5H7', 'Q92499', 'Q15059', 'Q5JRX3', 'P83916', 'Q02363', 'Q16821', 'P08670', 'P54578', 'P02774', 'Q96E14', 'Q13363']"
26,Q8TF50,"['P13674', 'O95696', 'P62328', 'P51825', 'P30260', 'P55197', 'Q13526', 'P26368']"
27,Q14451,"['P27635', 'P23588', 'P11142', 'Q9UN86', 'P10275', 'P00533', 'P62328', 'P10721', 'P52272', 'P04626', 'P36578', 'P06748', 'P26599', 'Q05397', 'P08581', 'Q14444']"
28,P13533,"['Q68D10', 'O95696', 'Q96CV9', 'Q16665', 'P13569', 'P02686', 'P05114', 'Q13627', 'P62328', 'P49736', 'Q99523', 'P24928', 'O95835']"
29,P04183,"['P63104', 'P00488', 'P47897', 'O15054', 'P04637', 'Q5S007', 'P38936', 'P19793', 'P27694', 'P35611', 'Q9UHD9', 'Q8NAA4', 'P01106', 'P60709', 'P46937', 'P54252', 'P02511', 'P62328', 'Q9HAU5', 'P04183', 'Q7Z304', 'Q9HAV5', 'P50238', 'O00253', 'P62166', 'P04406', 'Q15047', 'Q7L5N1', 'O60383', 'Q5T3J3', 'Q9GZT6', 'Q15262', 'Q13885', 'Q04724', 'Q14919', 'Q5RL73', 'Q14194', 'Q13432', 'Q9UKR5', 'P51693', 'O15496', 'Q9UNY5', 'O95125', 'Q8IWL3', 'Q9UI95', 'P02751', 'Q15139', 'Q8IYS1', 'P05067', 'Q13596', 'Q15034', 'Q9NYR9', 'P26373', 'Q9BV38', 'Q09013', 'Q6P4I2', 'Q5TA45', 'P31150', 'O94805', 'Q9BRK5', 'Q9HCE1', 'O00308', 'Q96PQ7', 'P02768', 'P07199', 'Q9H0C5', 'Q15029', 'P08138', 'Q8IXL6', 'O95785', 'Q9BRP4', 'Q14999', 'P19883', 'P04217', 'Q9Y605', 'P15880', 'Q05516', 'P13942', 'Q14141', 'B9A064', 'Q5R3I4', 'Q5D0E6', 'Q6P0Q8', 'Q5VVJ2', 'Q9Y265', 'O75821', 'Q8IZ69', 'P01871', 'Q86XA0', 'O14641', 'P08572', 'P60510', 'Q6TFL4', 'P24385', 'Q9NYF0', 'Q8IWF7', 'Q96MW1', 'P14598', 'Q9HB58', 'Q96EW2', 'P01023', 'Q8IV08', 'Q8NAP3', 'Q12840', 'P29400', 'Q9Y5U9', 'Q9H3K6', 'Q5UIP0', 'P68104', 'P29597', 'O75398', 'Q8N6T3', 'Q8IY92', 'Q96L33', 'Q96J01', 'P55084', 'Q14240', 'Q9NPB8', 'P49116', 'P29074', 'Q9Y600', 'Q15784', 'Q16891', 'Q9P078', 'Q96N67', 'P11926', 'P04070', 'Q9Y691', 'P13196', 'P49815', 'P14618', 'Q9NV06', 'Q5TIA1', 'Q2QGD7', 'Q13107', 'Q9BZE1', 'Q9BVA1', 'P42025', 'O95741', 'O14576', 'Q15652', 'Q6UXD5', 'Q9H4M7', 'O75037', 'P52943', 'Q15572', 'P51805', 'P46379', 'Q9NWS0', 'Q8NBE8', 'Q8IVF5', 'P16278', 'Q9BT40', 'P55854', 'Q00013', 'Q13685', 'O95865', 'Q6IE81', 'P46013', 'Q6UXH1', 'Q71U36', 'P56537', 'Q9Y2V2', 'Q9UPQ3', 'Q5VU43', 'Q9P283', 'P05452', 'Q7Z4K8', 'O15442', 'Q06323', 'P25685', 'Q9UNN5', 'Q75N90', 'Q13509', 'Q9Y3C7', 'P52739', 'Q09028', 'Q12766', 'Q93063', 'P06576', 'P0DMN0', 'Q8TB40', 'Q8TF32', 'Q15811', 'Q8NFF5', 'Q8IY18', 'P11802', 'Q96NT0', 'P43246', 'P02675', 'Q15910', 'Q9H324', 'P05060', 'P38606', 'Q9UHY1', 'O60551', 'P43358', 'Q13263']"
30,Q04724,"['O15550', 'P09429', 'Q02556', 'P28328', 'P20073', 'Q04206', 'Q9HC29', 'P03372', 'P40337', 'P01100', 'Q07817', 'P38936', 'Q9Y261', 'P35222', 'P24522', 'P49841', 'P62328', 'P10275', 'O43474', 'Q13547', 'P04183', 'P17480', 'P62805', 'O60885', 'P0DMV9', 'Q15910', 'Q06710', 'P55957', 'Q92540', 'P15927', 'P48788', 'P23771', 'Q13526', 'P35680', 'Q96AE4', 'Q14258']"
31,P20073,"['P55072', 'P00488', 'P52732', 'P47897', 'P30626', 'Q9H553', 'P04637', 'Q9H8S9', 'Q93034', 'Q13620', 'O75340', 'P83105', 'Q99558', 'P06744', 'Q92793', 'Q09013', 'P08138', 'Q92731', 'P06576', 'Q9Y3C7', 'Q9Y600', 'O60885', 'Q9UNN5', 'P11802', 'Q09028', 'P29401', 'Q15386', 'Q8NBE8', 'Q9BRP4', 'P04406', 'P14866', 'Q9GZT6', 'P07199', 'P55084', 'Q8IXL6', 'Q8NFF5', 'P51668', 'Q15047', 'Q3V6T2', 'P01023', 'Q8IZ69', 'P15880', 'P09622', 'P54252', 'Q5SZQ8', 'O14640', 'P09525', 'Q92611', 'O75529', 'Q05516', 'P32456', 'Q99497', 'P04217', 'P43246', 'Q14194', 'Q9H0R8', 'Q12888', 'P38606', 'P29400', 'P02675', 'Q9HCE1', 'Q9UHD9', 'Q71U36', 'P40306', 'Q9P283', 'P62937', 'Q04724', 'O15442', 'Q96N67', 'Q6IQ23', 'P08670', 'P08572', 'Q5RL73', 'Q9UBU9', 'P01112', 'Q75N90', 'Q9BRK5', 'P62879', 'Q8IVF5', 'O95865', 'O15123', 'Q15717', 'P13378', 'P26373', 'P46379', 'Q9Y2M0', 'P31483', 'Q9BVA1', 'P62328', 'O00625', 'O60383', 'O14576', 'P68104', 'P25054', 'Q9BT40', 'Q8WTW4', 'P08571', 'Q13619', 'Q13509', 'P07858', 'Q93063', 'P48047', 'Q6UXF1', 'Q86VZ6', 'Q5TA45', 'Q9BV38', 'Q5T3J3', 'Q8N5S9', 'Q92905', 'P05452', 'Q13432', 'P05060', 'Q9NVH1', 'Q8TF32', 'Q12766', 'P55854', 'Q13573', 'F7VJQ1', 'O94805', 'P11177', 'P27694', 'Q9H0W9', 'O43896', 'Q9GZQ8', 'Q99832', 'P52742', 'Q9UKR5', 'P60033', 'Q8IV08', 'O60551', 'P51693', 'Q99459', 'Q13263', 'P60709', 'Q13107', 'Q96FN4', 'Q15365', 'P45983', 'Q8NBF2', 'P14618', 'Q96FW1', 'Q9HB58', 'Q13283', 'Q9H324', 'P13942', 'Q7L5N1', 'P20648', 'O00182', 'Q6P4I2', 'P17405', 'O95741', 'Q8WZ42']"
32,Q13432,"['P26447', 'P07948', 'P05109', 'P09429', 'O15294', 'P20073', 'Q96A56', 'P20963', 'P01730', 'Q9NRR5', 'P38936', 'Q08209', 'Q13625', 'P62328', 'Q00987', 'Q14061', 'P08631', 'Q96PY5', 'P04183', 'P04083', 'P53779', 'P06239', 'P15927', 'Q13526', 'P11274', 'Q02363']"
33,O00468,"['P11940', 'Q9UQ80', 'P55072', 'Q13043', 'Q7KZF4', 'P06702', 'Q00610', 'P12109', 'Q66K74', 'P11142', 'P03372', 'Q92731', 'P10451', 'P01106', 'Q9UNZ2', 'Q9Y5W7', 'P61244', 'P17096', 'Q8WZ42', 'Q9NRI5', 'P40939', 'O94925', 'P02649', 'P09651', 'P55036', 'P62328', 'P63098', 'Q8N4Q1', 'Q92804', 'Q96N21', 'Q15113', 'P13861', 'P52948', 'P68363', 'Q9UBU9', 'P50402', 'P06454', 'P06748', 'Q16543', 'Q14118', 'Q9BXJ9', 'P36871', 'P08670', 'P08572']"
34,O76011,"['P56524', 'Q9NP98', 'Q68DK2', 'O14964', 'Q14088', 'Q7Z3C6', 'Q9NYB9', 'Q92731', 'Q99816', 'P13569', 'Q9NRI5', 'P26196', 'Q9H0W8', 'P14678', 'P62328', 'P09651', 'Q04637', 'P08631', 'Q9NRY2', 'Q96N21', 'Q13526', 'Q92608', 'Q9NQC7']"
35,Q8WX94,"['P23588', 'P27635', 'P81605', 'Q16629', 'Q08188', 'Q14694', 'P05109', 'P06702', 'Q9Y6X9', 'Q9UL18', 'P22626', 'P62328', 'P05387', 'P06899', 'Q9NRR4', 'P52272', 'P83731', 'P38919', 'P06748', 'P06454', 'P52597', 'Q07955', 'Q12905', 'P07355', 'P08670']"
36,O76013,"['Q9NP98', 'P47897', 'Q969Q5', 'O14964', 'Q92731', 'Q9NYB9', 'Q9UJX2', 'P62328', 'P08631', 'P40818']"
37,Q8WWQ8,"['P27361', 'P28482', 'P62328', 'P63165', 'P06748']"
38,Q9ULX6,"['Q9NP98', 'O95696', 'P21675', 'P54646', 'P04637', 'P11142', 'Q15751', 'O14964', 'P01106', 'Q04206', 'P04049', 'P03372', 'Q9C0C7', 'Q92731', 'Q06787', 'Q9NYB9', 'P61956', 'O95831', 'Q13635', 'Q8N6T7', 'P02545', 'P62328', 'O75807', 'P20591', 'Q13547', 'P08621', 'P50402', 'P24928', 'P01137', 'Q07955', 'P42166', 'Q13617', 'Q14258', 'Q15059', 'Q12888', 'Q8TEQ6']"
39,Q96ID5,"['Q15013', 'P05109', 'P01116', 'P49841', 'P24522', 'P62328', 'P11274']"
40,P60510,"['Q9UQ35', 'O60568', 'P04637', 'Q562E7', 'Q04206', 'Q9Y4K3', 'Q9C0C7', 'Q8N6T7', 'P61956', 'Q9UMS4', 'O43464', 'P62328', 'Q9Y6K9', 'P04183', 'P13693', 'Q92905', 'O60885', 'Q15717', 'P15927', 'P46379', 'O15344']"
41,A6NEM1,"['P56524', 'O14964', 'Q9BRR0', 'Q9NRI5', 'Q92785', 'Q9UER7', 'P62328', 'Q16595', 'Q13415', 'Q9UBU9', 'Q16543', 'Q92608', 'Q13526', 'Q9H5I1', 'P46379']"
42,P19012,"['Q15013', 'O14964', 'P53365', 'P51149', 'Q68DK2', 'O95295', 'P03372', 'Q9NYB9', 'Q9HC29', 'Q99816', 'Q92731', 'P07196', 'P25054', 'Q8N488', 'P46937', 'P46108', 'P62328', 'P09651', 'P13647', 'Q9BUL9', 'Q7L2J0']"
43,Q9BPY3,"['P47897', 'P13473', 'P62328', 'P63165', 'O95292', 'O75928', 'P08670']"
44,O75031,"['Q96CV9', 'Q96MS0', 'P56524', 'Q13615', 'Q96EY5', 'Q9NYB9', 'P40337', 'P35611', 'Q9H0W8', 'P30531', 'Q6B8I1', 'Q92785', 'P62328', 'Q13625', 'Q13573', 'Q9HAU5', 'O43474', 'P01160', 'Q02078', 'Q96N21', 'Q96RF0', 'Q92558', 'O43663', 'P08631', 'Q07812', 'O75506', 'Q16543', 'Q96DE5', 'P50402', 'P51587', 'Q06609', 'Q9UBU9', 'Q13563']"
45,P13646,"['O14964', 'O95166', 'P60520', 'P03372', 'Q9NYB9', 'P13569', 'Q9GZQ8', 'Q9H0R8', 'Q99816', 'Q9H492', 'P07196', 'P25054', 'P62328', 'Q92905', 'Q15843', 'O00571', 'Q13617', 'Q9NQC7', 'Q7L2J0']"
46,P51693,"['P54257', 'P20073', 'P38936', 'P37840', 'Q13224', 'F7VJQ1', 'P62328', 'P04183', 'P04626', 'P05067', 'P08670', 'Q13526']"
47,Q8TAS1,"['P00519', 'P62328', 'Q15717', 'Q15637']"
48,Q8IUC2,"['Q7Z3C6', 'Q9NX55', 'P62328', 'P02511']"
