GO terms,Common Intersections
HPA:0600000,"['TOLLIP', 'ABL1', 'SQSTM1', 'LYN', 'BECN1', 'ATG4B', 'UBXN6', 'SRC', 'MARK2', 'ABI2', 'UBQLN2', 'PIK3C3', 'LGALS8', 'S100A9', 'TRAPPC4', 'NPC1', 'CHMP3', 'CISD2', 'OGT', 'STAM', 'ATG3', 'FOXO1', 'STING1', 'PHB2', 'HMGB1', 'TP53', 'PSEN1', 'AP4M1', 'ULK2', 'BNIP3', 'BCL2', 'SNF8', 'STX17', 'CALCOCO2', 'MAPK3', 'PRKN', 'OPTN', 'VCP', 'VPS36', 'RB1CC1', 'MTOR', 'ARSB', 'UBA5', 'ATG16L1', 'PEX5']"
GO:0051656,"['PRKN', 'LYN', 'BECN1', 'PSEN1', 'SNF8', 'STAM', 'TRAPPC4', 'CHMP3']"
HP:0000716,"['PRKN', 'OPTN', 'SQSTM1', 'TP53', 'PSEN1', 'CISD2', 'VCP', 'UBQLN2', 'EPM2A']"
GO:0045936,"['PRKN', 'ABL1', 'TP53', 'LYN', 'PSEN1', 'INHBA', 'VPS25', 'EPM2A']"
GO:0002757,"['STING1', 'ABL1', 'HMGB1', 'SQSTM1', 'PHB2', 'LYN', 'BECN1', 'PSEN1', 'SRC', 'NOD1', 'BCL2', 'S100A9']"
GO:0051607,"['STING1', 'PHB2', 'BECN1', 'BNIP3', 'BCL2', 'ATG16L1', 'CHMP3']"
HPA:0270351,"['TOLLIP', 'ABL1', 'SQSTM1', 'BECN1', 'UBXN6', 'UBQLN2', 'PIK3C3', 'LGALS8', 'NPC1', 'CHMP3', 'STAM', 'ATG3', 'FOXO1', 'STING1', 'PHB2', 'HMGB1', 'PSEN1', 'ULK2', 'SNF8', 'CALCOCO2', 'MAPK3', 'PRKN', 'OPTN', 'VCP', 'VPS36', 'RB1CC1', 'MTOR', 'ARSB', 'PEX5']"
GO:0030522,"['UBA5', 'STING1', 'HMGB1', 'PHB2', 'BECN1', 'SRC', 'NOD1']"
GO:0001817,"['STING1', 'ABL1', 'HMGB1', 'LYN', 'PSEN1', 'SRC', 'INHBA', 'NOD1']"
GO:0001558,"['PRKN', 'ABL1', 'TP53', 'ULK2', 'INHBA', 'MTOR', 'EPM2A', 'BCL2', 'S100A9']"
GO:0061136,"['PRKN', 'PSEN1', 'VCP', 'OGT', 'UBQLN2', 'EPM2A']"
GO:0006874,"['ABL1', 'LYN', 'PSEN1', 'MCOLN1', 'BNIP3', 'BCL2']"
KEGG:05167,"['MAPK3', 'TP53', 'LYN', 'BECN1', 'SRC', 'MAP1LC3C', 'MTOR', 'PIK3C3', 'ATG3']"
GO:0043161,"['PRKN', 'AMBRA1', 'PSEN1', 'VCP', 'OGT', 'UBQLN2', 'EPM2A']"
GO:0042327,"['ABL1', 'PHB2', 'SQSTM1', 'TP53', 'LYN', 'PSEN1', 'SRC', 'RB1CC1', 'MARK2', 'INHBA', 'MTOR', 'BCL2']"
GO:0046903,"['FOXO1', 'PRKN', 'LYN', 'PSEN1', 'INHBA', 'STX17', 'SNF8', 'STAM']"
GO:0051235,"['ABL1', 'LYN', 'PSEN1', 'MCOLN1', 'S100A9', 'NPC1']"
HPA:0100201,"['TOLLIP', 'AMBRA1', 'ABL1', 'LYN', 'BECN1', 'UBXN6', 'SRC', 'MARK2', 'ABI2', 'UBQLN2', 'PIK3C3', 'NPC1', 'CHMP3', 'OGT', 'STAM', 'ATG3', 'FOXO1', 'STING1', 'PHB2', 'HMGB1', 'PSEN1', 'ULK2', 'BNIP3', 'SNF8', 'CALCOCO2', 'MAPK3', 'OPTN', 'VCP', 'VPS36', 'ARSB', 'UBA5']"
GO:0010648,"['ABL1', 'SQSTM1', 'LYN', 'SRC', 'VPS25', 'UBQLN2', 'NPC1', 'OGT', 'PIP4K2B', 'FOXO1', 'PHB2', 'TP53', 'PSEN1', 'INHBA', 'BCL2', 'PRKN', 'MAPK3', 'OPTN', 'VCP', 'RB1CC1', 'MTOR']"
GO:0072593,"['PRKN', 'FOXO1', 'TP53', 'BECN1', 'BNIP3', 'BCL2']"
GO:0022008,"['ABL1', 'LYN', 'BECN1', 'MARK2', 'ABI2', 'S100A9', 'TRAPPC4', 'NPC1', 'EPM2A', 'HMGB1', 'TP53', 'PSEN1', 'ULK2', 'INHBA', 'BNIP3', 'BCL2', 'PRKN', 'MAPK3', 'MTOR', 'ARSB', 'PEX5']"
GO:0010821,"['PRKN', 'TP53', 'BNIP3', 'SQSTM1']"
GO:1903322,"['PRKN', 'VCP', 'TOLLIP']"
GO:0048584,"['AMBRA1', 'ABL1', 'SQSTM1', 'LYN', 'BECN1', 'SRC', 'NOD1', 'S100A9', 'CLEC16A', 'OGT', 'STING1', 'HMGB1', 'PHB2', 'TP53', 'PSEN1', 'INHBA', 'BCL2', 'PRKN', 'MAPK3', 'OPTN', 'VCP', 'RB1CC1', 'MTOR']"
GO:0006997,['CHMP3']
WP:WP5205,"['AMBRA1', 'HMGB1', 'SQSTM1', 'BECN1', 'VCP', 'RB1CC1', 'BCL2', 'MTOR', 'PIK3C3', 'ATG16L1', 'ATG3']"
GO:0005488,"['ATG9A', 'TOLLIP', 'AMBRA1', 'ABL1', 'SQSTM1', 'LYN', 'BECN1', 'ATG4B', 'ATG2A', 'SRC', 'UBXN6', 'MARK2', 'ABI2', 'VPS25', 'UBQLN2', 'NOD1', 'PIK3C3', 'S100A9', 'LGALS8', 'TRAPPC4', 'CHMP3', 'NPC1', 'CISD2', 'OGT', 'EPM2A', 'PIP4K2B', 'STAM', 'ATG3', 'FOXO1', 'STING1', 'HMGB1', 'PHB2', 'TP53', 'PSEN1', 'AP4M1', 'MAP1LC3C', 'ULK2', 'MCOLN1', 'BNIP3', 'INHBA', 'SNF8', 'BCL2', 'DAP', 'STX17', 'CALCOCO2', 'MAPK3', 'PRKN', 'OPTN', 'VCP', 'VPS36', 'RB1CC1', 'MTOR', 'ARSB', 'UBA5', 'ATG16L1', 'PEX5']"
HPA:0210052,"['TOLLIP', 'ABL1', 'SQSTM1', 'BECN1', 'UBXN6', 'UBQLN2', 'LGALS8', 'NPC1', 'TRAPPC4', 'CHMP3', 'CISD2', 'STAM', 'ATG3', 'PHB2', 'HMGB1', 'ULK2', 'BNIP3', 'BCL2', 'STX17', 'CALCOCO2', 'MAPK3', 'OPTN', 'VCP', 'VPS36', 'ARSB', 'UBA5', 'PEX5']"
GO:0043066,"['FOXO1', 'PRKN', 'AMBRA1', 'ABL1', 'PHB2', 'TP53', 'BECN1', 'PSEN1', 'SRC', 'RB1CC1', 'BNIP3', 'MTOR', 'BCL2', 'NPC1']"
GO:0042594,"['FOXO1', 'MAPK3', 'AMBRA1', 'CLEC16A', 'BECN1', 'TP53', 'MAP1LC3C', 'ULK2', 'BCL2', 'MTOR', 'DAP', 'PIK3C3']"
GO:0030141,"['TOLLIP', 'STING1', 'HMGB1', 'PSEN1', 'VCP', 'ARSB', 'S100A9']"
GO:0009605,"['TOLLIP', 'ABL1', 'SQSTM1', 'LYN', 'BECN1', 'SRC', 'NOD1', 'S100A9', 'LGALS8', 'CHMP3', 'STING1', 'PHB2', 'HMGB1', 'TP53', 'BNIP3', 'BCL2', 'CALCOCO2', 'MAPK3', 'PRKN', 'OPTN', 'ATG16L1']"
GO:0042981,"['AMBRA1', 'ABL1', 'SQSTM1', 'LYN', 'BECN1', 'SRC', 'NOD1', 'S100A9', 'NPC1', 'FOXO1', 'HMGB1', 'PHB2', 'TP53', 'PSEN1', 'INHBA', 'BNIP3', 'BCL2', 'PRKN', 'VCP', 'RB1CC1', 'MTOR']"
GO:0005794,"['ATG9A', 'STING1', 'PRKN', 'MAPK3', 'OPTN', 'CLEC16A', 'LYN', 'BECN1', 'AP4M1', 'PSEN1', 'NPC1', 'MCOLN1', 'MTOR', 'UBA5', 'PEX5', 'TRAPPC4']"
GO:0060627,"['PRKN', 'MAPK3', 'ABL1', 'HMGB1', 'LYN', 'PSEN1', 'SRC', 'UBQLN2', 'SNF8', 'STAM', 'ATG3', 'CHMP3']"
GO:0051651,"['ABL1', 'LYN', 'PSEN1', 'MCOLN1', 'S100A9']"
GO:0034976,"['PRKN', 'UBA5', 'ABL1', 'TP53', 'VCP', 'UBXN6', 'NOD1', 'BCL2']"
GO:0140694,"['CHMP3', 'SQSTM1', 'SRC']"
GO:0009725,"['FOXO1', 'MAPK3', 'PHB2', 'LYN', 'SRC', 'OGT', 'INHBA', 'BCL2', 'MTOR', 'ARSB', 'UBA5', 'PIP4K2B', 'NPC1']"
GO:0002831,"['MAPK3', 'STING1', 'HMGB1', 'SQSTM1', 'PHB2', 'OPTN', 'LYN', 'BECN1', 'SRC', 'NOD1', 'S100A9']"
GO:0009894,"['AMBRA1', 'ABL1', 'SQSTM1', 'BECN1', 'ATG2A', 'UBQLN2', 'NOD1', 'PIK3C3', 'NPC1', 'CLEC16A', 'CISD2', 'OGT', 'EPM2A', 'PIP4K2B', 'FOXO1', 'STING1', 'HMGB1', 'TP53', 'PSEN1', 'ULK2', 'BNIP3', 'BCL2', 'DAP', 'SNF8', 'CALCOCO2', 'MAPK3', 'PRKN', 'OPTN', 'VCP', 'RB1CC1', 'MTOR', 'ATG16L1']"
GO:0016043,"['ATG9A', 'AMBRA1', 'ABL1', 'SQSTM1', 'LYN', 'BECN1', 'ATG4B', 'ATG2A', 'SRC', 'MARK2', 'ABI2', 'VPS25', 'UBQLN2', 'PIK3C3', 'S100A9', 'TRAPPC4', 'NPC1', 'CHMP3', 'CLEC16A', 'OGT', 'EPM2A', 'PIP4K2B', 'STAM', 'ATG3', 'STING1', 'PHB2', 'HMGB1', 'TP53', 'PSEN1', 'AP4M1', 'MAP1LC3C', 'ULK2', 'MCOLN1', 'INHBA', 'BNIP3', 'BCL2', 'SNF8', 'STX17', 'CALCOCO2', 'MAPK3', 'PRKN', 'OPTN', 'VCP', 'VPS36', 'RB1CC1', 'MTOR', 'ARSB', 'ATG16L1', 'PEX5']"
GO:0045184,"['SQSTM1', 'BECN1', 'ATG4B', 'SRC', 'VPS25', 'PIK3C3', 'NPC1', 'CHMP3', 'EPM2A', 'STAM', 'ATG3', 'FOXO1', 'PHB2', 'TP53', 'PSEN1', 'AP4M1', 'MAP1LC3C', 'MCOLN1', 'SNF8', 'STX17', 'PRKN', 'OPTN', 'VCP', 'VPS36', 'ATG16L1', 'PEX5']"
GO:0099503,"['TOLLIP', 'STING1', 'HMGB1', 'PSEN1', 'VCP', 'ARSB', 'S100A9', 'TRAPPC4']"
GO:0010562,"['ABL1', 'PHB2', 'SQSTM1', 'TP53', 'LYN', 'PSEN1', 'VCP', 'SRC', 'RB1CC1', 'MARK2', 'INHBA', 'MTOR', 'BCL2']"
GO:0042063,"['MAPK3', 'ABL1', 'TP53', 'LYN', 'PSEN1', 'BNIP3', 'MTOR', 'EPM2A', 'S100A9']"
GO:0006950,"['TOLLIP', 'AMBRA1', 'ABL1', 'SQSTM1', 'LYN', 'BECN1', 'UBXN6', 'SRC', 'NOD1', 'PIK3C3', 'LGALS8', 'S100A9', 'CHMP3', 'CLEC16A', 'FOXO1', 'STING1', 'PHB2', 'HMGB1', 'TP53', 'PSEN1', 'MAP1LC3C', 'ULK2', 'INHBA', 'BNIP3', 'BCL2', 'DAP', 'CALCOCO2', 'MAPK3', 'PRKN', 'OPTN', 'VCP', 'MTOR', 'UBA5', 'ATG16L1', 'PEX5']"
GO:1902532,"['FOXO1', 'PRKN', 'MAPK3', 'ABL1', 'PHB2', 'OPTN', 'LYN', 'SRC', 'MTOR', 'BCL2', 'NPC1']"
KEGG:05022,"['PRKN', 'MAPK3', 'AMBRA1', 'OPTN', 'SQSTM1', 'ATG2A', 'BECN1', 'PSEN1', 'VCP', 'RB1CC1', 'MAP1LC3C', 'ULK2', 'BCL2', 'MTOR', 'PIK3C3']"
GO:0042149,"['PIK3C3', 'TP53', 'BECN1', 'BCL2']"
GO:0055080,"['MAPK3', 'ABL1', 'LYN', 'PSEN1', 'MCOLN1', 'BNIP3', 'BCL2', 'S100A9']"
GO:0006996,"['ATG9A', 'AMBRA1', 'ABL1', 'SQSTM1', 'BECN1', 'ATG2A', 'ATG4B', 'SRC', 'MARK2', 'ABI2', 'VPS25', 'UBQLN2', 'PIK3C3', 'S100A9', 'TRAPPC4', 'CHMP3', 'CLEC16A', 'EPM2A', 'PIP4K2B', 'STAM', 'ATG3', 'STING1', 'PHB2', 'HMGB1', 'TP53', 'PSEN1', 'AP4M1', 'MAP1LC3C', 'ULK2', 'MCOLN1', 'BNIP3', 'BCL2', 'SNF8', 'STX17', 'CALCOCO2', 'MAPK3', 'PRKN', 'OPTN', 'VCP', 'VPS36', 'RB1CC1', 'MTOR', 'ARSB', 'ATG16L1', 'PEX5']"
GO:0032495,['NOD1']
GO:0032940,"['FOXO1', 'PRKN', 'LYN', 'PSEN1', 'INHBA', 'STX17', 'SNF8', 'STAM']"
GO:0005776,"['ATG9A', 'STING1', 'AMBRA1', 'OPTN', 'SQSTM1', 'CHMP3', 'BECN1', 'ATG4B', 'RB1CC1', 'MAP1LC3C', 'ULK2', 'UBQLN2', 'PIP4K2B', 'PIK3C3', 'ATG16L1', 'STX17', 'CALCOCO2']"
HPA:0600221,"['TOLLIP', 'ABL1', 'SQSTM1', 'BECN1', 'UBXN6', 'SRC', 'MARK2', 'ABI2', 'UBQLN2', 'PIK3C3', 'LGALS8', 'S100A9', 'NPC1', 'CHMP3', 'CISD2', 'OGT', 'STAM', 'ATG3', 'FOXO1', 'STING1', 'PHB2', 'HMGB1', 'TP53', 'PSEN1', 'ULK2', 'BNIP3', 'SNF8', 'STX17', 'CALCOCO2', 'MAPK3', 'PRKN', 'OPTN', 'VCP', 'VPS36', 'RB1CC1', 'MTOR', 'ARSB', 'ATG16L1', 'PEX5']"
GO:0048585,"['ABL1', 'SQSTM1', 'LYN', 'SRC', 'VPS25', 'UBQLN2', 'NPC1', 'OGT', 'PIP4K2B', 'FOXO1', 'PHB2', 'TP53', 'PSEN1', 'BCL2', 'PRKN', 'MAPK3', 'OPTN', 'VCP', 'RB1CC1', 'MTOR']"
GO:0044087,"['AMBRA1', 'ABL1', 'BECN1', 'ATG2A', 'SRC', 'ABI2', 'UBQLN2', 'CHMP3', 'OGT', 'PIP4K2B', 'STAM', 'ATG3', 'HMGB1', 'TP53', 'SNF8', 'PRKN', 'VCP', 'MTOR', 'PEX5']"
GO:0071840,"['ATG9A', 'AMBRA1', 'ABL1', 'SQSTM1', 'LYN', 'BECN1', 'ATG4B', 'ATG2A', 'SRC', 'MARK2', 'ABI2', 'VPS25', 'UBQLN2', 'PIK3C3', 'S100A9', 'TRAPPC4', 'NPC1', 'CHMP3', 'CLEC16A', 'OGT', 'EPM2A', 'PIP4K2B', 'STAM', 'ATG3', 'STING1', 'PHB2', 'HMGB1', 'TP53', 'PSEN1', 'AP4M1', 'MAP1LC3C', 'ULK2', 'MCOLN1', 'INHBA', 'BNIP3', 'BCL2', 'SNF8', 'STX17', 'CALCOCO2', 'MAPK3', 'PRKN', 'OPTN', 'VCP', 'VPS36', 'RB1CC1', 'MTOR', 'ARSB', 'ATG16L1', 'PEX5']"
GO:0016032,"['PRKN', 'HMGB1', 'TP53', 'BECN1', 'VCP', 'BCL2', 'CALCOCO2', 'PIK3C3', 'ATG16L1', 'NPC1', 'CHMP3']"
GO:0032101,"['MAPK3', 'STING1', 'HMGB1', 'SQSTM1', 'PHB2', 'OPTN', 'LYN', 'BECN1', 'SRC', 'NOD1', 'S100A9']"
GO:0006140,"['TP53', 'VCP', 'PSEN1', 'OGT', 'MTOR']"
GO:0042221,"['TOLLIP', 'ABL1', 'LYN', 'BECN1', 'UBXN6', 'SRC', 'NOD1', 'S100A9', 'NPC1', 'OGT', 'PIP4K2B', 'FOXO1', 'STING1', 'PHB2', 'HMGB1', 'TP53', 'PSEN1', 'MCOLN1', 'INHBA', 'BNIP3', 'BCL2', 'CALCOCO2', 'MAPK3', 'PRKN', 'VCP', 'MTOR', 'ARSB', 'UBA5', 'PEX5']"
GO:0031400,"['PRKN', 'ABL1', 'SQSTM1', 'LYN', 'PSEN1', 'OGT', 'VPS25', 'EPM2A']"
GO:0045089,"['STING1', 'HMGB1', 'SQSTM1', 'PHB2', 'LYN', 'BECN1', 'SRC', 'NOD1', 'S100A9']"
GO:0071222,"['MAPK3', 'ABL1', 'HMGB1', 'LYN', 'SRC']"
GO:0002683,"['HMGB1', 'SQSTM1', 'LYN', 'SRC', 'INHBA']"
GO:0050794,"['TOLLIP', 'AMBRA1', 'ABL1', 'SQSTM1', 'LYN', 'BECN1', 'ATG2A', 'SRC', 'MARK2', 'ABI2', 'VPS25', 'UBQLN2', 'NOD1', 'PIK3C3', 'S100A9', 'NPC1', 'CHMP3', 'CLEC16A', 'CISD2', 'OGT', 'EPM2A', 'PIP4K2B', 'STAM', 'ATG3', 'FOXO1', 'STING1', 'PHB2', 'HMGB1', 'TP53', 'PSEN1', 'ULK2', 'MCOLN1', 'INHBA', 'BNIP3', 'BCL2', 'DAP', 'SNF8', 'CALCOCO2', 'MAPK3', 'PRKN', 'OPTN', 'VCP', 'RB1CC1', 'MTOR', 'ARSB', 'UBA5', 'ATG16L1', 'PEX5']"
GO:0097193,"['PRKN', 'ABL1', 'TP53', 'BECN1', 'SRC', 'BNIP3', 'BCL2', 'S100A9']"
GO:0017076,"['MAPK3', 'STING1', 'UBA5', 'ABL1', 'LYN', 'VCP', 'SRC', 'MARK2', 'ULK2', 'MTOR', 'PIP4K2B', 'NOD1', 'PIK3C3']"
GO:0010604,"['TOLLIP', 'ABL1', 'SQSTM1', 'LYN', 'SRC', 'MARK2', 'NOD1', 'OGT', 'FOXO1', 'STING1', 'PHB2', 'HMGB1', 'TP53', 'PSEN1', 'INHBA', 'BCL2', 'SNF8', 'MAPK3', 'PRKN', 'VCP', 'RB1CC1', 'MTOR']"
HPA:0220051,"['TOLLIP', 'AMBRA1', 'ABL1', 'SQSTM1', 'LYN', 'BECN1', 'ATG4B', 'UBXN6', 'SRC', 'MARK2', 'ABI2', 'UBQLN2', 'PIK3C3', 'LGALS8', 'TRAPPC4', 'NPC1', 'CHMP3', 'CLEC16A', 'CISD2', 'OGT', 'STAM', 'ATG3', 'FOXO1', 'STING1', 'PHB2', 'HMGB1', 'PSEN1', 'AP4M1', 'ULK2', 'BNIP3', 'BCL2', 'SNF8', 'STX17', 'CALCOCO2', 'MAPK3', 'PRKN', 'OPTN', 'VCP', 'VPS36', 'RB1CC1', 'MTOR', 'ARSB', 'UBA5', 'ATG16L1', 'PEX5']"
GO:0006606,"['PHB2', 'SQSTM1', 'TP53', 'PSEN1', 'EPM2A']"
GO:1900180,"['MTOR', 'EPM2A', 'PSEN1', 'SRC']"
GO:2001233,"['PRKN', 'TP53', 'BECN1', 'PSEN1', 'SRC', 'RB1CC1', 'INHBA', 'BCL2', 'S100A9']"
KEGG:05131,"['FOXO1', 'STING1', 'MAPK3', 'SQSTM1', 'TP53', 'BECN1', 'SRC', 'MAP1LC3C', 'BNIP3', 'BCL2', 'MTOR', 'NOD1', 'PIK3C3', 'ATG16L1', 'CALCOCO2']"
GO:0045937,"['ABL1', 'PHB2', 'SQSTM1', 'TP53', 'LYN', 'PSEN1', 'VCP', 'SRC', 'RB1CC1', 'MARK2', 'INHBA', 'MTOR', 'BCL2']"
GO:0045321,"['TOLLIP', 'ABL1', 'AMBRA1', 'HMGB1', 'PHB2', 'TP53', 'LYN', 'PSEN1', 'SRC', 'INHBA', 'MTOR', 'BCL2']"
GO:0030162,"['PRKN', 'TP53', 'LYN', 'PSEN1', 'VCP', 'SRC', 'OGT', 'UBQLN2', 'EPM2A']"
GO:0042060,"['CHMP3', 'LYN', 'MTOR', 'SRC']"
GO:0051234,"['ATG9A', 'ABL1', 'SQSTM1', 'LYN', 'BECN1', 'ATG2A', 'ATG4B', 'SRC', 'UBXN6', 'VPS25', 'UBQLN2', 'PIK3C3', 'TRAPPC4', 'NPC1', 'CHMP3', 'CLEC16A', 'EPM2A', 'PIP4K2B', 'STAM', 'ATG3', 'FOXO1', 'STING1', 'PHB2', 'HMGB1', 'TP53', 'PSEN1', 'AP4M1', 'MAP1LC3C', 'MCOLN1', 'INHBA', 'BNIP3', 'BCL2', 'SNF8', 'STX17', 'MAPK3', 'PRKN', 'OPTN', 'VCP', 'VPS36', 'ARSB', 'ATG16L1', 'PEX5']"
GO:0043005,"['PRKN', 'ABL1', 'PHB2', 'BECN1', 'PSEN1', 'SRC', 'MARK2', 'ABI2', 'BNIP3', 'MTOR', 'EPM2A', 'TRAPPC4']"
HPA:0460671,"['TOLLIP', 'SQSTM1', 'BECN1', 'UBXN6', 'MARK2', 'ABI2', 'UBQLN2', 'PIK3C3', 'NPC1', 'TRAPPC4', 'CHMP3', 'CLEC16A', 'CISD2', 'OGT', 'STAM', 'ATG3', 'FOXO1', 'PHB2', 'HMGB1', 'TP53', 'PSEN1', 'ULK2', 'BNIP3', 'BCL2', 'SNF8', 'MAPK3', 'OPTN', 'VCP', 'VPS36', 'RB1CC1', 'ARSB', 'ATG16L1', 'PEX5']"
GO:0099512,"['SQSTM1', 'PSEN1', 'SRC', 'MARK2', 'MAP1LC3C', 'CHMP3']"
GO:0035639,"['MAPK3', 'UBA5', 'ABL1', 'LYN', 'VCP', 'SRC', 'MARK2', 'ULK2', 'MTOR', 'PIP4K2B', 'NOD1', 'PIK3C3']"
WP:WP5331,"['PRKN', 'HMGB1', 'SQSTM1', 'TP53', 'BECN1']"
GO:0048583,"['AMBRA1', 'ABL1', 'SQSTM1', 'LYN', 'BECN1', 'SRC', 'VPS25', 'UBQLN2', 'NOD1', 'S100A9', 'NPC1', 'CLEC16A', 'OGT', 'PIP4K2B', 'FOXO1', 'STING1', 'PHB2', 'HMGB1', 'TP53', 'PSEN1', 'INHBA', 'BCL2', 'MAPK3', 'PRKN', 'OPTN', 'VCP', 'RB1CC1', 'MTOR', 'UBA5']"
GO:0009057,"['TOLLIP', 'AMBRA1', 'SQSTM1', 'BECN1', 'UBXN6', 'VPS25', 'UBQLN2', 'CHMP3', 'OGT', 'EPM2A', 'STAM', 'FOXO1', 'PSEN1', 'BNIP3', 'SNF8', 'PRKN', 'VCP', 'VPS36', 'RB1CC1', 'MTOR']"
GO:0098813,"['BECN1', 'CHMP3']"
HPA:0600431,"['TOLLIP', 'ABL1', 'SQSTM1', 'LYN', 'BECN1', 'ATG4B', 'UBXN6', 'ABI2', 'UBQLN2', 'PIK3C3', 'LGALS8', 'CHMP3', 'CISD2', 'OGT', 'STAM', 'ATG3', 'FOXO1', 'STING1', 'PHB2', 'HMGB1', 'PSEN1', 'AP4M1', 'ULK2', 'BNIP3', 'BCL2', 'SNF8', 'STX17', 'CALCOCO2', 'MAPK3', 'PRKN', 'OPTN', 'VCP', 'VPS36', 'ARSB', 'UBA5', 'PEX5']"
HP:0100851,"['PRKN', 'UBA5', 'OPTN', 'SQSTM1', 'TP53', 'PSEN1', 'CISD2', 'VCP', 'UBQLN2', 'EPM2A']"
GO:0032182,"['TOLLIP', 'PRKN', 'SQSTM1', 'VPS36', 'NOD1', 'STAM']"
GO:0030659,"['ATG9A', 'LYN', 'BECN1', 'UBXN6', 'VPS25', 'PIK3C3', 'NPC1', 'CHMP3', 'CLEC16A', 'STAM', 'STING1', 'PSEN1', 'ULK2', 'MCOLN1', 'SNF8', 'STX17', 'OPTN', 'VPS36', 'ATG16L1']"
GO:0019898,"['TOLLIP', 'LYN', 'BECN1', 'SRC', 'PIK3C3']"
GO:0019725,"['FOXO1', 'PRKN', 'MAPK3', 'AMBRA1', 'ABL1', 'LYN', 'PSEN1', 'OGT', 'MCOLN1', 'BNIP3', 'BCL2', 'S100A9']"
GO:0009408,"['MTOR', 'LYN', 'VCP']"
GO:1900542,"['TP53', 'VCP', 'PSEN1', 'OGT', 'MTOR']"
GO:0050790,"['PRKN', 'MAPK3', 'ABL1', 'HMGB1', 'PHB2', 'TP53', 'LYN', 'PSEN1', 'VCP', 'SRC', 'MARK2', 'VPS25', 'EPM2A']"
GO:0023056,"['AMBRA1', 'ABL1', 'SQSTM1', 'LYN', 'BECN1', 'SRC', 'NOD1', 'S100A9', 'CLEC16A', 'OGT', 'STING1', 'HMGB1', 'PHB2', 'TP53', 'PSEN1', 'INHBA', 'PRKN', 'MAPK3', 'VCP', 'RB1CC1', 'MTOR']"
GO:0140096,"['PRKN', 'MAPK3', 'UBA5', 'ABL1', 'LYN', 'PSEN1', 'ATG4B', 'SRC', 'OGT', 'MARK2', 'ULK2', 'MTOR', 'EPM2A', 'PIK3C3', 'ATG16L1', 'ATG3']"
GO:0065008,"['ATG9A', 'ABL1', 'SQSTM1', 'LYN', 'SRC', 'MARK2', 'ABI2', 'CHMP3', 'OGT', 'FOXO1', 'HMGB1', 'PHB2', 'TP53', 'PSEN1', 'ULK2', 'INHBA', 'BNIP3', 'SNF8', 'BCL2', 'PRKN', 'VCP', 'RB1CC1', 'MTOR']"
GO:0043549,"['PRKN', 'ABL1', 'PHB2', 'LYN', 'SRC', 'MARK2', 'VPS25']"
GO:0044085,"['ATG9A', 'AMBRA1', 'ABL1', 'SQSTM1', 'BECN1', 'ATG2A', 'ATG4B', 'SRC', 'ABI2', 'VPS25', 'UBQLN2', 'PIK3C3', 'TRAPPC4', 'CHMP3', 'OGT', 'EPM2A', 'PIP4K2B', 'STAM', 'ATG3', 'STING1', 'HMGB1', 'TP53', 'PSEN1', 'AP4M1', 'MAP1LC3C', 'ULK2', 'MCOLN1', 'BCL2', 'SNF8', 'STX17', 'PRKN', 'VCP', 'VPS36', 'RB1CC1', 'MTOR', 'ATG16L1', 'PEX5']"
HPA:0430051,"['TOLLIP', 'ABL1', 'SQSTM1', 'LYN', 'BECN1', 'ATG4B', 'UBXN6', 'SRC', 'MARK2', 'ABI2', 'PIK3C3', 'LGALS8', 'TRAPPC4', 'NPC1', 'CHMP3', 'CLEC16A', 'CISD2', 'OGT', 'STAM', 'ATG3', 'FOXO1', 'STING1', 'PHB2', 'HMGB1', 'PSEN1', 'ULK2', 'BNIP3', 'BCL2', 'SNF8', 'STX17', 'CALCOCO2', 'MAPK3', 'PRKN', 'OPTN', 'VCP', 'VPS36', 'RB1CC1', 'MTOR', 'ARSB', 'UBA5', 'ATG16L1', 'PEX5']"
GO:0009893,"['TOLLIP', 'AMBRA1', 'ABL1', 'SQSTM1', 'LYN', 'BECN1', 'ATG2A', 'SRC', 'MARK2', 'NOD1', 'OGT', 'EPM2A', 'PIP4K2B', 'FOXO1', 'STING1', 'PHB2', 'HMGB1', 'TP53', 'PSEN1', 'ULK2', 'INHBA', 'BNIP3', 'BCL2', 'SNF8', 'CALCOCO2', 'MAPK3', 'PRKN', 'OPTN', 'VCP', 'RB1CC1', 'MTOR', 'ATG16L1']"
HPA:0310441,"['TOLLIP', 'ABL1', 'SQSTM1', 'LYN', 'BECN1', 'ATG4B', 'UBXN6', 'MARK2', 'UBQLN2', 'PIK3C3', 'LGALS8', 'S100A9', 'TRAPPC4', 'NPC1', 'CHMP3', 'CISD2', 'ATG3', 'FOXO1', 'STING1', 'PHB2', 'HMGB1', 'PSEN1', 'ULK2', 'BNIP3', 'BCL2', 'SNF8', 'STX17', 'CALCOCO2', 'MAPK3', 'OPTN', 'VCP', 'VPS36', 'ARSB', 'UBA5', 'PEX5']"
GO:0043229,"['ATG9A', 'TOLLIP', 'AMBRA1', 'ABL1', 'SQSTM1', 'LYN', 'BECN1', 'ATG4B', 'ATG2A', 'SRC', 'UBXN6', 'MARK2', 'ABI2', 'VPS25', 'UBQLN2', 'NOD1', 'PIK3C3', 'LGALS8', 'S100A9', 'TRAPPC4', 'NPC1', 'CHMP3', 'CLEC16A', 'CISD2', 'OGT', 'EPM2A', 'PIP4K2B', 'STAM', 'FOXO1', 'STING1', 'PHB2', 'HMGB1', 'TP53', 'PSEN1', 'AP4M1', 'MAP1LC3C', 'ULK2', 'MCOLN1', 'BNIP3', 'BCL2', 'SNF8', 'STX17', 'CALCOCO2', 'MAPK3', 'PRKN', 'OPTN', 'VCP', 'VPS36', 'RB1CC1', 'MTOR', 'ARSB', 'UBA5', 'ATG16L1', 'PEX5']"
GO:0002521,"['AMBRA1', 'ABL1', 'HMGB1', 'TP53', 'LYN', 'PSEN1', 'SRC', 'INHBA', 'MTOR', 'BCL2']"
HPA:0390000,"['TOLLIP', 'AMBRA1', 'ABL1', 'SQSTM1', 'LYN', 'BECN1', 'UBXN6', 'SRC', 'MARK2', 'UBQLN2', 'PIK3C3', 'LGALS8', 'TRAPPC4', 'NPC1', 'CHMP3', 'CLEC16A', 'CISD2', 'OGT', 'STAM', 'ATG3', 'FOXO1', 'STING1', 'PHB2', 'HMGB1', 'PSEN1', 'ULK2', 'BNIP3', 'BCL2', 'SNF8', 'STX17', 'CALCOCO2', 'MAPK3', 'OPTN', 'VCP', 'VPS36', 'RB1CC1', 'MTOR', 'ARSB', 'UBA5', 'ATG16L1', 'PEX5']"
GO:0005737,"['ATG9A', 'TOLLIP', 'AMBRA1', 'ABL1', 'SQSTM1', 'LYN', 'BECN1', 'ATG4B', 'ATG2A', 'SRC', 'UBXN6', 'MARK2', 'ABI2', 'VPS25', 'UBQLN2', 'NOD1', 'PIK3C3', 'S100A9', 'LGALS8', 'TRAPPC4', 'CHMP3', 'NPC1', 'CLEC16A', 'CISD2', 'OGT', 'EPM2A', 'PIP4K2B', 'STAM', 'ATG3', 'FOXO1', 'STING1', 'HMGB1', 'PHB2', 'TP53', 'PSEN1', 'AP4M1', 'MAP1LC3C', 'ULK2', 'MCOLN1', 'BNIP3', 'INHBA', 'SNF8', 'BCL2', 'STX17', 'CALCOCO2', 'MAPK3', 'PRKN', 'OPTN', 'VCP', 'VPS36', 'RB1CC1', 'MTOR', 'ARSB', 'UBA5', 'ATG16L1', 'PEX5']"
GO:0010563,"['PRKN', 'ABL1', 'TP53', 'LYN', 'PSEN1', 'INHBA', 'VPS25', 'EPM2A']"
HP:0031466,"['OPTN', 'SQSTM1', 'TP53', 'PSEN1', 'VCP', 'UBQLN2', 'EPM2A']"
GO:0050821,"['PRKN', 'TP53', 'PHB2']"
GO:0050789,"['TOLLIP', 'AMBRA1', 'ABL1', 'SQSTM1', 'LYN', 'BECN1', 'ATG2A', 'SRC', 'MARK2', 'ABI2', 'VPS25', 'UBQLN2', 'NOD1', 'PIK3C3', 'S100A9', 'NPC1', 'CHMP3', 'CLEC16A', 'CISD2', 'OGT', 'EPM2A', 'PIP4K2B', 'STAM', 'ATG3', 'FOXO1', 'STING1', 'PHB2', 'HMGB1', 'TP53', 'PSEN1', 'ULK2', 'MCOLN1', 'INHBA', 'BNIP3', 'BCL2', 'DAP', 'SNF8', 'CALCOCO2', 'MAPK3', 'PRKN', 'OPTN', 'VCP', 'RB1CC1', 'MTOR', 'ARSB', 'UBA5', 'ATG16L1', 'PEX5']"
GO:0019900,"['TOLLIP', 'STING1', 'PRKN', 'ABL1', 'SQSTM1', 'TP53', 'BECN1', 'SRC', 'RB1CC1', 'ABI2', 'STX17']"
GO:0031401,"['TOLLIP', 'PRKN', 'ABL1', 'PHB2', 'SQSTM1', 'TP53', 'LYN', 'PSEN1', 'VCP', 'SRC', 'RB1CC1', 'MARK2', 'INHBA', 'MTOR', 'BCL2']"
GO:0002764,"['STING1', 'ABL1', 'HMGB1', 'SQSTM1', 'PHB2', 'LYN', 'BECN1', 'PSEN1', 'SRC', 'NOD1', 'BCL2', 'S100A9']"
GO:0034620,"['PRKN', 'VCP', 'OPTN']"
HPA:0090000,"['TOLLIP', 'AMBRA1', 'ABL1', 'SQSTM1', 'LYN', 'BECN1', 'UBXN6', 'MARK2', 'ABI2', 'UBQLN2', 'PIK3C3', 'LGALS8', 'TRAPPC4', 'NPC1', 'CHMP3', 'CLEC16A', 'CISD2', 'OGT', 'STAM', 'ATG3', 'FOXO1', 'PHB2', 'HMGB1', 'PSEN1', 'AP4M1', 'ULK2', 'BNIP3', 'SNF8', 'STX17', 'CALCOCO2', 'MAPK3', 'PRKN', 'OPTN', 'VCP', 'VPS36', 'RB1CC1', 'MTOR', 'ARSB', 'ATG16L1', 'PEX5']"
HPA:0360000,"['TOLLIP', 'AMBRA1', 'ABL1', 'SQSTM1', 'BECN1', 'UBXN6', 'MARK2', 'ABI2', 'UBQLN2', 'PIK3C3', 'LGALS8', 'TRAPPC4', 'NPC1', 'CHMP3', 'CLEC16A', 'CISD2', 'OGT', 'STAM', 'ATG3', 'FOXO1', 'PHB2', 'HMGB1', 'PSEN1', 'AP4M1', 'ULK2', 'BNIP3', 'BCL2', 'SNF8', 'STX17', 'CALCOCO2', 'MAPK3', 'PRKN', 'OPTN', 'VCP', 'VPS36', 'RB1CC1', 'MTOR', 'ARSB', 'UBA5', 'ATG16L1', 'PEX5']"
GO:0030135,['STX17']
GO:0016192,"['ABL1', 'SQSTM1', 'LYN', 'BECN1', 'UBXN6', 'SRC', 'VPS25', 'UBQLN2', 'PIK3C3', 'NPC1', 'TRAPPC4', 'CHMP3', 'CLEC16A', 'PIP4K2B', 'STAM', 'ATG3', 'HMGB1', 'PSEN1', 'AP4M1', 'SNF8', 'STX17', 'MAPK3', 'PRKN', 'OPTN', 'VCP', 'VPS36']"
GO:0031410,"['ATG9A', 'TOLLIP', 'AMBRA1', 'SQSTM1', 'LYN', 'BECN1', 'ATG4B', 'UBXN6', 'SRC', 'VPS25', 'UBQLN2', 'NOD1', 'PIK3C3', 'LGALS8', 'S100A9', 'TRAPPC4', 'NPC1', 'CHMP3', 'CLEC16A', 'STAM', 'STING1', 'HMGB1', 'PSEN1', 'AP4M1', 'MAP1LC3C', 'ULK2', 'MCOLN1', 'SNF8', 'STX17', 'CALCOCO2', 'MAPK3', 'PRKN', 'OPTN', 'VCP', 'VPS36', 'MTOR', 'ARSB', 'ATG16L1']"
GO:0062197,"['FOXO1', 'PRKN', 'MAPK3', 'ABL1', 'TP53', 'BECN1', 'SRC', 'BNIP3', 'MTOR', 'PEX5']"
GO:0009615,"['STING1', 'PHB2', 'BECN1', 'BNIP3', 'ATG16L1', 'BCL2', 'LGALS8', 'CHMP3']"
GO:0010498,"['PRKN', 'AMBRA1', 'PSEN1', 'VCP', 'UBXN6', 'OGT', 'UBQLN2', 'EPM2A']"
GO:0070301,"['BNIP3', 'ABL1', 'BECN1', 'SRC']"
HPA:0050052,"['TOLLIP', 'ABL1', 'SQSTM1', 'BECN1', 'MARK2', 'ABI2', 'UBQLN2', 'PIK3C3', 'LGALS8', 'TRAPPC4', 'CHMP3', 'CLEC16A', 'CISD2', 'STAM', 'ATG3', 'PHB2', 'HMGB1', 'PSEN1', 'ULK2', 'BNIP3', 'BCL2', 'STX17', 'MAPK3', 'PRKN', 'OPTN', 'VCP', 'VPS36', 'RB1CC1', 'MTOR', 'ARSB', 'UBA5', 'ATG16L1', 'PEX5']"
GO:0043130,"['TOLLIP', 'PRKN', 'SQSTM1', 'VPS36', 'NOD1', 'STAM']"
GO:0000209,"['PRKN', 'BCL2', 'AMBRA1']"
GO:0065010,"['TOLLIP', 'SQSTM1', 'LYN', 'AP4M1', 'VCP', 'UBXN6', 'SRC', 'VPS36', 'VPS25', 'ARSB', 'SNF8', 'S100A9', 'NPC1', 'CHMP3']"
GO:1903050,"['PRKN', 'PSEN1', 'VCP', 'OGT', 'UBQLN2', 'EPM2A']"
GO:0033993,"['FOXO1', 'MAPK3', 'ABL1', 'HMGB1', 'PHB2', 'LYN', 'SRC', 'INHBA', 'UBA5', 'BCL2', 'S100A9', 'NPC1']"
GO:0034605,"['MTOR', 'LYN', 'VCP']"
GO:1903530,"['FOXO1', 'PRKN', 'LYN', 'INHBA', 'SNF8', 'STAM']"
GO:0009966,"['AMBRA1', 'ABL1', 'SQSTM1', 'LYN', 'BECN1', 'SRC', 'VPS25', 'UBQLN2', 'NOD1', 'S100A9', 'NPC1', 'CLEC16A', 'OGT', 'PIP4K2B', 'FOXO1', 'STING1', 'PHB2', 'HMGB1', 'TP53', 'PSEN1', 'INHBA', 'BCL2', 'MAPK3', 'PRKN', 'OPTN', 'VCP', 'RB1CC1', 'MTOR', 'UBA5']"
GO:0019079,"['PRKN', 'VCP', 'BCL2', 'PIK3C3', 'ATG16L1']"
GO:1901698,"['FOXO1', 'STING1', 'PRKN', 'ABL1', 'MAPK3', 'TP53', 'LYN', 'PSEN1', 'VCP', 'UBXN6', 'SRC', 'OGT', 'INHBA', 'MTOR', 'NOD1', 'PIP4K2B', 'NPC1']"
GO:0007399,"['AMBRA1', 'ABL1', 'LYN', 'BECN1', 'SRC', 'MARK2', 'ABI2', 'S100A9', 'TRAPPC4', 'NPC1', 'OGT', 'EPM2A', 'HMGB1', 'TP53', 'PSEN1', 'ULK2', 'INHBA', 'BNIP3', 'BCL2', 'PRKN', 'MAPK3', 'MTOR', 'ARSB', 'ATG16L1', 'PEX5']"
GO:0009892,"['ABL1', 'SQSTM1', 'LYN', 'BECN1', 'SRC', 'VPS25', 'NPC1', 'CLEC16A', 'OGT', 'EPM2A', 'FOXO1', 'PHB2', 'HMGB1', 'TP53', 'PSEN1', 'INHBA', 'BNIP3', 'BCL2', 'DAP', 'PRKN', 'OPTN', 'MTOR']"
GO:0060341,"['FOXO1', 'PRKN', 'MAPK3', 'SQSTM1', 'PSEN1', 'VCP', 'SRC', 'OGT', 'MTOR', 'EPM2A', 'BCL2', 'CHMP3']"
GO:0043122,"['PRKN', 'ABL1', 'OPTN', 'SQSTM1', 'NOD1']"
GO:0070887,"['ABL1', 'LYN', 'BECN1', 'SRC', 'NOD1', 'S100A9', 'NPC1', 'OGT', 'PIP4K2B', 'FOXO1', 'STING1', 'HMGB1', 'PHB2', 'TP53', 'PSEN1', 'INHBA', 'BNIP3', 'MCOLN1', 'BCL2', 'PRKN', 'MAPK3', 'VCP', 'MTOR', 'UBA5', 'PEX5']"
GO:0051179,"['ATG9A', 'TOLLIP', 'ABL1', 'SQSTM1', 'LYN', 'BECN1', 'ATG2A', 'ATG4B', 'SRC', 'UBXN6', 'MARK2', 'VPS25', 'UBQLN2', 'PIK3C3', 'S100A9', 'TRAPPC4', 'NPC1', 'CHMP3', 'CLEC16A', 'OGT', 'EPM2A', 'PIP4K2B', 'STAM', 'ATG3', 'FOXO1', 'STING1', 'PHB2', 'HMGB1', 'TP53', 'PSEN1', 'AP4M1', 'MAP1LC3C', 'MCOLN1', 'INHBA', 'BNIP3', 'BCL2', 'SNF8', 'STX17', 'MAPK3', 'PRKN', 'OPTN', 'VCP', 'VPS36', 'MTOR', 'ARSB', 'UBA5', 'ATG16L1', 'PEX5']"
GO:0042995,"['AMBRA1', 'ABL1', 'SQSTM1', 'BECN1', 'SRC', 'MARK2', 'ABI2', 'PIK3C3', 'TRAPPC4', 'OGT', 'EPM2A', 'PHB2', 'PSEN1', 'MCOLN1', 'BNIP3', 'PRKN', 'MAPK3', 'MTOR', 'ATG16L1']"
GO:0002237,"['MAPK3', 'ABL1', 'HMGB1', 'LYN', 'SRC', 'S100A9']"
GO:0042802,"['SQSTM1', 'BECN1', 'ABI2', 'VPS25', 'UBQLN2', 'NOD1', 'CHMP3', 'CISD2', 'EPM2A', 'PIP4K2B', 'STING1', 'PHB2', 'TP53', 'INHBA', 'BNIP3', 'MCOLN1', 'BCL2', 'SNF8', 'CALCOCO2', 'PRKN', 'MAPK3', 'OPTN', 'VCP', 'MTOR', 'UBA5', 'ATG16L1']"
GO:0010647,"['AMBRA1', 'ABL1', 'SQSTM1', 'LYN', 'BECN1', 'SRC', 'NOD1', 'S100A9', 'CLEC16A', 'OGT', 'STING1', 'HMGB1', 'PHB2', 'TP53', 'INHBA', 'PRKN', 'MAPK3', 'VCP', 'RB1CC1', 'MTOR']"
HPA:0630000,"['TOLLIP', 'AMBRA1', 'ABL1', 'SQSTM1', 'LYN', 'BECN1', 'UBXN6', 'SRC', 'MARK2', 'ABI2', 'PIK3C3', 'LGALS8', 'S100A9', 'NPC1', 'CHMP3', 'CLEC16A', 'CISD2', 'OGT', 'STAM', 'ATG3', 'FOXO1', 'STING1', 'PHB2', 'HMGB1', 'PSEN1', 'ULK2', 'BNIP3', 'BCL2', 'SNF8', 'STX17', 'CALCOCO2', 'MAPK3', 'PRKN', 'OPTN', 'VCP', 'VPS36', 'MTOR', 'ARSB', 'UBA5', 'ATG16L1', 'PEX5']"
GO:0002684,"['MAPK3', 'STING1', 'AMBRA1', 'ABL1', 'HMGB1', 'SQSTM1', 'PHB2', 'LYN', 'BECN1', 'PSEN1', 'SRC', 'MTOR', 'NOD1', 'BCL2', 'S100A9']"
GO:0001775,"['TOLLIP', 'ABL1', 'AMBRA1', 'HMGB1', 'PHB2', 'TP53', 'LYN', 'PSEN1', 'SRC', 'INHBA', 'MTOR', 'BCL2']"
GO:1901701,"['ABL1', 'LYN', 'BECN1', 'SRC', 'NOD1', 'OGT', 'PIP4K2B', 'FOXO1', 'HMGB1', 'PHB2', 'TP53', 'PSEN1', 'INHBA', 'BNIP3', 'PRKN', 'MAPK3', 'VCP', 'MTOR', 'PEX5']"
GO:0035556,"['AMBRA1', 'ABL1', 'SQSTM1', 'LYN', 'BECN1', 'SRC', 'MARK2', 'ABI2', 'NOD1', 'PIK3C3', 'S100A9', 'NPC1', 'CLEC16A', 'OGT', 'FOXO1', 'STING1', 'PHB2', 'HMGB1', 'TP53', 'PSEN1', 'MCOLN1', 'INHBA', 'BNIP3', 'BCL2', 'MAPK3', 'PRKN', 'OPTN', 'VCP', 'RB1CC1', 'MTOR', 'UBA5']"
HPA:0460000,"['TOLLIP', 'AMBRA1', 'SQSTM1', 'BECN1', 'UBXN6', 'SRC', 'MARK2', 'ABI2', 'UBQLN2', 'PIK3C3', 'S100A9', 'TRAPPC4', 'NPC1', 'CHMP3', 'CLEC16A', 'CISD2', 'OGT', 'STAM', 'ATG3', 'FOXO1', 'STING1', 'PHB2', 'HMGB1', 'TP53', 'PSEN1', 'ULK2', 'BNIP3', 'BCL2', 'SNF8', 'STX17', 'CALCOCO2', 'MAPK3', 'OPTN', 'VCP', 'VPS36', 'RB1CC1', 'MTOR', 'ARSB', 'ATG16L1', 'PEX5']"
GO:0045022,"['MAPK3', 'BECN1', 'PIK3C3', 'SRC', 'SNF8', 'CHMP3']"
GO:0030003,"['MAPK3', 'ABL1', 'LYN', 'PSEN1', 'MCOLN1', 'BNIP3', 'BCL2', 'S100A9']"
GO:2000377,"['PRKN', 'FOXO1', 'TP53', 'BECN1', 'BNIP3', 'BCL2']"
GO:0005856,"['MAPK3', 'AMBRA1', 'ABL1', 'CHMP3', 'TP53', 'PSEN1', 'UBXN6', 'SRC', 'MAP1LC3C', 'MARK2', 'ABI2', 'ATG16L1', 'PIK3C3', 'S100A9', 'CALCOCO2']"
GO:1901981,"['OGT', 'VPS36', 'ATG2A', 'CHMP3']"
GO:0001666,"['PHB2', 'TP53', 'BECN1', 'SRC', 'INHBA', 'BNIP3', 'MTOR', 'BCL2']"
GO:0140546,"['TOLLIP', 'STING1', 'HMGB1', 'SQSTM1', 'PHB2', 'OPTN', 'TP53', 'LYN', 'BECN1', 'SRC', 'BNIP3', 'CALCOCO2', 'ATG16L1', 'NOD1', 'BCL2', 'S100A9', 'CHMP3']"
GO:0044389,"['TOLLIP', 'FOXO1', 'STING1', 'AMBRA1', 'PRKN', 'SQSTM1', 'TP53', 'LYN', 'BECN1', 'VCP', 'ABI2', 'MAP1LC3C', 'BCL2', 'STAM']"
GO:0000278,"['AMBRA1', 'ABL1', 'PHB2', 'TP53', 'BECN1', 'VCP', 'INHBA', 'BCL2', 'CHMP3']"
GO:0009895,"['CLEC16A', 'BECN1', 'TP53', 'PSEN1', 'OGT', 'BCL2', 'MTOR', 'DAP', 'NPC1']"
GO:0033143,"['UBA5', 'PHB2', 'SRC']"
GO:0051099,"['PRKN', 'STING1', 'ABL1', 'HMGB1', 'PSEN1']"
GO:0001836,"['PRKN', 'BCL2', 'TP53', 'BNIP3']"
GO:2000060,"['PRKN', 'PSEN1', 'VCP']"
GO:0043230,"['TOLLIP', 'SQSTM1', 'LYN', 'AP4M1', 'VCP', 'UBXN6', 'SRC', 'VPS36', 'VPS25', 'ARSB', 'SNF8', 'S100A9', 'NPC1', 'CHMP3']"
GO:0043412,"['TOLLIP', 'AMBRA1', 'ABL1', 'SQSTM1', 'LYN', 'ATG4B', 'SRC', 'MARK2', 'ABI2', 'VPS25', 'PIK3C3', 'S100A9', 'NPC1', 'OGT', 'EPM2A', 'ATG3', 'FOXO1', 'PHB2', 'TP53', 'PSEN1', 'ULK2', 'INHBA', 'BCL2', 'MAPK3', 'PRKN', 'VCP', 'RB1CC1', 'MTOR', 'UBA5', 'ATG16L1']"
GO:1901265,"['MAPK3', 'STING1', 'UBA5', 'ABL1', 'LYN', 'VCP', 'SRC', 'MARK2', 'ULK2', 'MTOR', 'PIP4K2B', 'NOD1', 'PIK3C3']"
GO:0030520,"['UBA5', 'PHB2', 'SRC']"
HPA:0530000,"['ABL1', 'SQSTM1', 'LYN', 'BECN1', 'UBXN6', 'SRC', 'MARK2', 'ABI2', 'UBQLN2', 'PIK3C3', 'LGALS8', 'S100A9', 'TRAPPC4', 'NPC1', 'CHMP3', 'CISD2', 'OGT', 'ATG3', 'FOXO1', 'STING1', 'PHB2', 'HMGB1', 'PSEN1', 'ULK2', 'BNIP3', 'BCL2', 'SNF8', 'STX17', 'MAPK3', 'OPTN', 'VCP', 'VPS36', 'MTOR', 'ARSB', 'PEX5']"
GO:0010660,"['FOXO1', 'TP53', 'AMBRA1', 'BNIP3']"
GO:0043254,"['AMBRA1', 'ABL1', 'HMGB1', 'TP53', 'VCP', 'SRC', 'MTOR', 'PEX5']"
GO:0000302,"['MAPK3', 'ABL1', 'BECN1', 'SRC', 'BNIP3', 'BCL2', 'PEX5']"
GO:0031344,"['ABL1', 'LYN', 'PSEN1', 'SRC', 'MARK2', 'ABI2', 'ULK2', 'MTOR', 'ARSB', 'S100A9', 'ATG3']"
REAC:R-HSA-9824446,"['STING1', 'BECN1', 'VCP', 'VPS36', 'VPS25', 'SNF8', 'NOD1', 'PIK3C3', 'CHMP3']"
GO:0051128,"['AMBRA1', 'ABL1', 'SQSTM1', 'LYN', 'BECN1', 'ATG2A', 'SRC', 'MARK2', 'ABI2', 'UBQLN2', 'S100A9', 'CHMP3', 'CLEC16A', 'OGT', 'EPM2A', 'PIP4K2B', 'STAM', 'ATG3', 'HMGB1', 'TP53', 'PSEN1', 'ULK2', 'MCOLN1', 'INHBA', 'BNIP3', 'BCL2', 'CALCOCO2', 'MAPK3', 'PRKN', 'VCP', 'MTOR', 'ARSB', 'PEX5']"
HPA:0351181,"['TOLLIP', 'ABL1', 'SQSTM1', 'BECN1', 'UBXN6', 'ABI2', 'UBQLN2', 'PIK3C3', 'LGALS8', 'TRAPPC4', 'CHMP3', 'CLEC16A', 'CISD2', 'OGT', 'STAM', 'ATG3', 'FOXO1', 'PHB2', 'HMGB1', 'PSEN1', 'ULK2', 'BNIP3', 'SNF8', 'STX17', 'CALCOCO2', 'MAPK3', 'PRKN', 'OPTN', 'VCP', 'VPS36', 'MTOR', 'ARSB', 'UBA5', 'ATG16L1', 'PEX5']"
HPA:0160051,"['TOLLIP', 'AMBRA1', 'ABL1', 'SQSTM1', 'BECN1', 'UBXN6', 'MARK2', 'ABI2', 'UBQLN2', 'PIK3C3', 'LGALS8', 'TRAPPC4', 'NPC1', 'CHMP3', 'CLEC16A', 'CISD2', 'OGT', 'STAM', 'ATG3', 'PHB2', 'HMGB1', 'PSEN1', 'AP4M1', 'ULK2', 'BNIP3', 'BCL2', 'SNF8', 'STX17', 'CALCOCO2', 'MAPK3', 'PRKN', 'OPTN', 'VCP', 'VPS36', 'RB1CC1', 'MTOR', 'ARSB', 'UBA5', 'ATG16L1', 'PEX5']"
GO:0009611,"['LYN', 'SRC', 'BNIP3', 'MTOR', 'BCL2', 'CHMP3']"
GO:0043231,"['ATG9A', 'TOLLIP', 'AMBRA1', 'ABL1', 'SQSTM1', 'LYN', 'BECN1', 'ATG4B', 'ATG2A', 'SRC', 'UBXN6', 'MARK2', 'ABI2', 'VPS25', 'UBQLN2', 'NOD1', 'PIK3C3', 'LGALS8', 'S100A9', 'TRAPPC4', 'NPC1', 'CHMP3', 'CLEC16A', 'CISD2', 'OGT', 'EPM2A', 'PIP4K2B', 'STAM', 'FOXO1', 'STING1', 'PHB2', 'HMGB1', 'TP53', 'PSEN1', 'AP4M1', 'MAP1LC3C', 'ULK2', 'MCOLN1', 'BNIP3', 'BCL2', 'SNF8', 'STX17', 'CALCOCO2', 'MAPK3', 'PRKN', 'OPTN', 'VCP', 'VPS36', 'RB1CC1', 'MTOR', 'ARSB', 'UBA5', 'ATG16L1', 'PEX5']"
GO:0031396,"['PRKN', 'ABL1', 'SQSTM1', 'OGT', 'EPM2A']"
GO:0002833,"['STING1', 'HMGB1', 'SQSTM1', 'PHB2', 'LYN', 'BECN1', 'SRC', 'NOD1', 'S100A9']"
GO:0070647,"['TOLLIP', 'PRKN', 'UBA5', 'ABL1', 'AMBRA1', 'SQSTM1', 'VCP', 'OGT', 'EPM2A', 'BCL2', 'ATG3']"
GO:0072657,"['PRKN', 'OPTN', 'SQSTM1', 'AP4M1', 'NPC1', 'OGT', 'EPM2A', 'PEX5', 'ATG3']"
HPA:0130051,"['TOLLIP', 'AMBRA1', 'ABL1', 'SQSTM1', 'LYN', 'BECN1', 'ATG4B', 'UBXN6', 'MARK2', 'ABI2', 'UBQLN2', 'PIK3C3', 'LGALS8', 'TRAPPC4', 'NPC1', 'CHMP3', 'CLEC16A', 'CISD2', 'OGT', 'STAM', 'ATG3', 'FOXO1', 'STING1', 'PSEN1', 'AP4M1', 'ULK2', 'BNIP3', 'SNF8', 'STX17', 'CALCOCO2', 'MAPK3', 'PRKN', 'OPTN', 'VCP', 'VPS36', 'RB1CC1', 'MTOR', 'ARSB', 'UBA5', 'ATG16L1', 'PEX5']"
GO:0018209,"['EPM2A', 'MARK2', 'BCL2', 'MTOR']"
REAC:R-HSA-168898,"['MAPK3', 'HMGB1', 'TP53', 'NOD1', 'PIK3C3', 'S100A9']"
GO:0008289,"['HMGB1', 'PHB2', 'ATG2A', 'LYN', 'VCP', 'VPS36', 'OGT', 'MARK2', 'MAP1LC3C', 'MCOLN1', 'SNF8', 'S100A9', 'STAM', 'NPC1', 'CHMP3']"
GO:2001234,"['PRKN', 'PSEN1', 'RB1CC1', 'SRC', 'BCL2']"
GO:0043068,"['FOXO1', 'ABL1', 'HMGB1', 'SQSTM1', 'TP53', 'LYN', 'BECN1', 'PSEN1', 'SRC', 'INHBA', 'BNIP3', 'NOD1', 'BCL2', 'S100A9']"
GO:0009967,"['AMBRA1', 'ABL1', 'LYN', 'BECN1', 'SRC', 'NOD1', 'S100A9', 'CLEC16A', 'OGT', 'STING1', 'HMGB1', 'PHB2', 'TP53', 'INHBA', 'PRKN', 'MAPK3', 'VCP', 'RB1CC1', 'MTOR']"
GO:0019901,"['PRKN', 'STING1', 'ABL1', 'SQSTM1', 'TP53', 'BECN1', 'SRC', 'RB1CC1', 'STX17']"
HPA:0050092,"['TOLLIP', 'ABL1', 'SQSTM1', 'BECN1', 'MARK2', 'UBQLN2', 'PIK3C3', 'CISD2', 'STAM', 'ATG3', 'PHB2', 'HMGB1', 'PSEN1', 'ULK2', 'BNIP3', 'BCL2', 'STX17', 'MAPK3', 'OPTN', 'VCP', 'VPS36', 'PEX5']"
HPA:0170051,"['TOLLIP', 'ABL1', 'SQSTM1', 'BECN1', 'UBXN6', 'MARK2', 'ABI2', 'UBQLN2', 'PIK3C3', 'LGALS8', 'TRAPPC4', 'NPC1', 'CHMP3', 'CLEC16A', 'CISD2', 'OGT', 'STAM', 'ATG3', 'FOXO1', 'STING1', 'PHB2', 'HMGB1', 'PSEN1', 'ULK2', 'BNIP3', 'BCL2', 'SNF8', 'STX17', 'CALCOCO2', 'MAPK3', 'PRKN', 'OPTN', 'VCP', 'VPS36', 'RB1CC1', 'MTOR', 'ARSB', 'UBA5', 'ATG16L1', 'PEX5']"
GO:0032496,"['MAPK3', 'ABL1', 'HMGB1', 'LYN', 'SRC', 'S100A9']"
HPA:0050091,"['TOLLIP', 'ABL1', 'SQSTM1', 'BECN1', 'UBXN6', 'MARK2', 'ABI2', 'UBQLN2', 'PIK3C3', 'LGALS8', 'TRAPPC4', 'NPC1', 'CHMP3', 'CISD2', 'OGT', 'STAM', 'ATG3', 'FOXO1', 'PHB2', 'HMGB1', 'PSEN1', 'ULK2', 'BNIP3', 'BCL2', 'SNF8', 'STX17', 'CALCOCO2', 'MAPK3', 'OPTN', 'VCP', 'VPS36', 'RB1CC1', 'MTOR', 'ARSB', 'UBA5', 'ATG16L1', 'PEX5']"
GO:0030424,"['ABL1', 'PSEN1', 'PHB2', 'SRC']"
GO:0032553,"['MAPK3', 'STING1', 'UBA5', 'ABL1', 'LYN', 'VCP', 'SRC', 'MARK2', 'ULK2', 'MTOR', 'PIP4K2B', 'NOD1', 'PIK3C3']"
HPA:0180000,"['TOLLIP', 'ABL1', 'SQSTM1', 'BECN1', 'UBXN6', 'SRC', 'MARK2', 'UBQLN2', 'PIK3C3', 'LGALS8', 'TRAPPC4', 'NPC1', 'CHMP3', 'CLEC16A', 'CISD2', 'OGT', 'STAM', 'ATG3', 'FOXO1', 'STING1', 'PHB2', 'HMGB1', 'PSEN1', 'ULK2', 'BNIP3', 'BCL2', 'SNF8', 'STX17', 'CALCOCO2', 'MAPK3', 'PRKN', 'OPTN', 'VCP', 'VPS36', 'RB1CC1', 'MTOR', 'ARSB', 'UBA5', 'ATG16L1', 'PEX5']"
GO:0006897,"['PRKN', 'MAPK3', 'ABL1', 'HMGB1', 'LYN', 'BECN1', 'ATG3', 'SRC', 'UBQLN2', 'PIK3C3', 'NPC1']"
GO:0032870,"['FOXO1', 'MAPK3', 'PHB2', 'LYN', 'SRC', 'OGT', 'INHBA', 'MTOR', 'UBA5', 'PIP4K2B', 'NPC1']"
GO:1903561,"['TOLLIP', 'SQSTM1', 'LYN', 'AP4M1', 'VCP', 'UBXN6', 'SRC', 'VPS36', 'VPS25', 'ARSB', 'SNF8', 'S100A9', 'NPC1', 'CHMP3']"
GO:0012505,"['ATG9A', 'TOLLIP', 'AMBRA1', 'ABL1', 'SQSTM1', 'LYN', 'BECN1', 'ATG2A', 'ATG4B', 'SRC', 'UBXN6', 'VPS25', 'PIK3C3', 'S100A9', 'TRAPPC4', 'NPC1', 'CHMP3', 'CLEC16A', 'CISD2', 'EPM2A', 'PIP4K2B', 'STAM', 'STING1', 'HMGB1', 'TP53', 'PSEN1', 'AP4M1', 'MAP1LC3C', 'MCOLN1', 'BNIP3', 'BCL2', 'SNF8', 'STX17', 'MAPK3', 'PRKN', 'OPTN', 'VCP', 'VPS36', 'RB1CC1', 'MTOR', 'ARSB', 'UBA5', 'ATG16L1', 'PEX5']"
HP:0002145,"['OPTN', 'SQSTM1', 'VCP', 'PSEN1', 'UBQLN2']"
GO:0120036,"['PRKN', 'ABL1', 'HMGB1', 'LYN', 'ATG3', 'PSEN1', 'SRC', 'MARK2', 'ABI2', 'ULK2', 'MTOR', 'ARSB', 'BCL2', 'S100A9', 'TRAPPC4']"
GO:0031967,"['ATG9A', 'ABL1', 'AMBRA1', 'LYN', 'BECN1', 'SRC', 'NPC1', 'CHMP3', 'CISD2', 'OGT', 'STING1', 'PHB2', 'PSEN1', 'BNIP3', 'BCL2', 'PRKN', 'MAPK3', 'RB1CC1', 'MTOR']"
GO:0023051,"['AMBRA1', 'ABL1', 'SQSTM1', 'LYN', 'BECN1', 'SRC', 'VPS25', 'UBQLN2', 'NOD1', 'S100A9', 'NPC1', 'CLEC16A', 'OGT', 'PIP4K2B', 'FOXO1', 'STING1', 'PHB2', 'HMGB1', 'TP53', 'PSEN1', 'INHBA', 'BCL2', 'MAPK3', 'PRKN', 'OPTN', 'VCP', 'RB1CC1', 'MTOR', 'UBA5']"
HP:0100314,"['PRKN', 'PSEN1', 'VCP', 'EPM2A', 'NPC1']"
GO:0051223,"['FOXO1', 'PRKN', 'PSEN1', 'SRC', 'EPM2A']"
WP:WP5420,"['ABL1', 'ATG2A', 'BECN1', 'RB1CC1', 'MTOR', 'PIK3C3', 'ATG16L1', 'ATG3']"
GO:0007049,"['MAPK3', 'AMBRA1', 'ABL1', 'PHB2', 'TP53', 'LYN', 'BECN1', 'VCP', 'SRC', 'RB1CC1', 'INHBA', 'BCL2', 'EPM2A', 'PIK3C3', 'CHMP3']"
GO:1903580,"['MTOR', 'VCP', 'PSEN1']"
GO:0015631,"['PRKN', 'LYN', 'S100A9']"
GO:0008047,"['NOD1', 'MARK2', 'VCP', 'SRC']"
GO:0015630,"['TP53', 'PSEN1', 'UBXN6', 'MAP1LC3C', 'CHMP3']"
GO:0101002,"['VCP', 'HMGB1', 'ARSB']"
GO:0001934,"['ABL1', 'PHB2', 'SQSTM1', 'TP53', 'LYN', 'PSEN1', 'SRC', 'RB1CC1', 'MARK2', 'INHBA', 'MTOR', 'BCL2']"
GO:0080134,"['FOXO1', 'STING1', 'PRKN', 'ABL1', 'MAPK3', 'HMGB1', 'SQSTM1', 'PHB2', 'OPTN', 'TP53', 'LYN', 'BECN1', 'SRC', 'MTOR', 'NOD1', 'BCL2', 'S100A9']"
GO:0062013,"['FOXO1', 'PSEN1', 'VCP', 'SRC', 'MTOR']"
GO:0050778,"['STING1', 'ABL1', 'HMGB1', 'SQSTM1', 'PHB2', 'LYN', 'BECN1', 'PSEN1', 'SRC', 'NOD1', 'BCL2', 'S100A9']"
REAC:R-HSA-9772572,"['PIK3C3', 'BECN1', 'VCP', 'CHMP3']"
GO:0002221,"['STING1', 'HMGB1', 'SQSTM1', 'PHB2', 'LYN', 'BECN1', 'SRC', 'NOD1', 'S100A9']"
GO:0005615,"['TOLLIP', 'HMGB1', 'SQSTM1', 'LYN', 'VCP', 'AP4M1', 'UBXN6', 'VPS36', 'SRC', 'INHBA', 'VPS25', 'S100A9', 'ARSB', 'SNF8', 'LGALS8', 'NPC1', 'CHMP3']"
GO:0051726,"['AMBRA1', 'ABL1', 'PHB2', 'TP53', 'LYN', 'BECN1', 'INHBA', 'BCL2', 'EPM2A', 'PIK3C3', 'CHMP3']"
GO:0006796,"['TOLLIP', 'ABL1', 'SQSTM1', 'LYN', 'BECN1', 'SRC', 'MARK2', 'ABI2', 'VPS25', 'PIK3C3', 'OGT', 'EPM2A', 'PIP4K2B', 'PHB2', 'TP53', 'PSEN1', 'ULK2', 'INHBA', 'BCL2', 'PRKN', 'MAPK3', 'VCP', 'RB1CC1', 'MTOR']"
GO:0071219,"['MAPK3', 'ABL1', 'HMGB1', 'LYN', 'SRC']"
GO:0033036,"['ATG9A', 'TOLLIP', 'ABL1', 'SQSTM1', 'BECN1', 'ATG2A', 'ATG4B', 'SRC', 'VPS25', 'PIK3C3', 'NPC1', 'CHMP3', 'OGT', 'EPM2A', 'STAM', 'ATG3', 'FOXO1', 'PHB2', 'TP53', 'PSEN1', 'AP4M1', 'MAP1LC3C', 'MCOLN1', 'INHBA', 'BCL2', 'SNF8', 'STX17', 'PRKN', 'OPTN', 'VCP', 'VPS36', 'MTOR', 'ATG16L1', 'PEX5']"
GO:0002758,"['STING1', 'HMGB1', 'SQSTM1', 'PHB2', 'LYN', 'BECN1', 'SRC', 'NOD1', 'S100A9']"
HPA:0600441,"['ABL1', 'SQSTM1', 'LYN', 'BECN1', 'ATG4B', 'UBXN6', 'MARK2', 'UBQLN2', 'PIK3C3', 'LGALS8', 'S100A9', 'TRAPPC4', 'NPC1', 'CHMP3', 'CISD2', 'OGT', 'ATG3', 'FOXO1', 'STING1', 'PHB2', 'HMGB1', 'PSEN1', 'AP4M1', 'ULK2', 'BNIP3', 'BCL2', 'SNF8', 'STX17', 'CALCOCO2', 'MAPK3', 'OPTN', 'VCP', 'VPS36', 'ARSB', 'UBA5', 'PEX5']"
REAC:R-HSA-5357801,"['PRKN', 'MAPK3', 'HMGB1', 'TP53', 'OGT', 'BCL2', 'CHMP3']"
GO:0070727,"['ATG9A', 'TOLLIP', 'ABL1', 'SQSTM1', 'BECN1', 'ATG4B', 'SRC', 'VPS25', 'PIK3C3', 'NPC1', 'CHMP3', 'OGT', 'EPM2A', 'STAM', 'ATG3', 'FOXO1', 'PHB2', 'TP53', 'PSEN1', 'AP4M1', 'MAP1LC3C', 'MCOLN1', 'BCL2', 'SNF8', 'STX17', 'PRKN', 'OPTN', 'VCP', 'VPS36', 'MTOR', 'ATG16L1', 'PEX5']"
GO:0030425,"['ABL1', 'BECN1', 'PSEN1', 'SRC', 'MARK2', 'ABI2', 'BNIP3', 'MTOR', 'EPM2A', 'TRAPPC4']"
GO:0010639,"['PRKN', 'TP53', 'BECN1', 'SRC', 'BNIP3', 'MTOR']"
GO:1902533,"['PRKN', 'MAPK3', 'AMBRA1', 'ABL1', 'HMGB1', 'PHB2', 'CLEC16A', 'LYN', 'BECN1', 'TP53', 'VCP', 'SRC', 'OGT', 'RB1CC1', 'INHBA', 'MTOR', 'NOD1', 'S100A9']"
GO:0005813,"['TP53', 'PSEN1', 'UBXN6']"
HPA:0040081,"['TOLLIP', 'AMBRA1', 'ABL1', 'SQSTM1', 'LYN', 'BECN1', 'ATG4B', 'UBXN6', 'UBQLN2', 'PIK3C3', 'LGALS8', 'S100A9', 'NPC1', 'CHMP3', 'CISD2', 'OGT', 'STAM', 'ATG3', 'FOXO1', 'STING1', 'PHB2', 'HMGB1', 'PSEN1', 'AP4M1', 'ULK2', 'BNIP3', 'BCL2', 'SNF8', 'STX17', 'CALCOCO2', 'MAPK3', 'PRKN', 'OPTN', 'VCP', 'VPS36', 'MTOR', 'ARSB', 'ATG16L1', 'PEX5']"
GO:0048471,"['TOLLIP', 'STING1', 'PRKN', 'ABL1', 'AMBRA1', 'OPTN', 'LYN', 'PSEN1', 'CISD2', 'VCP', 'SRC', 'INHBA', 'SNF8', 'NPC1', 'CALCOCO2']"
HPA:0040000,"['TOLLIP', 'AMBRA1', 'ABL1', 'SQSTM1', 'LYN', 'BECN1', 'ATG4B', 'UBXN6', 'UBQLN2', 'PIK3C3', 'LGALS8', 'S100A9', 'NPC1', 'CHMP3', 'CISD2', 'OGT', 'STAM', 'ATG3', 'FOXO1', 'STING1', 'PHB2', 'HMGB1', 'PSEN1', 'AP4M1', 'ULK2', 'BNIP3', 'BCL2', 'SNF8', 'STX17', 'CALCOCO2', 'MAPK3', 'PRKN', 'OPTN', 'VCP', 'VPS36', 'MTOR', 'ARSB', 'ATG16L1', 'PEX5']"
GO:0000819,"['BECN1', 'CHMP3']"
GO:1902494,"['PRKN', 'STING1', 'AMBRA1', 'BECN1', 'PSEN1', 'VCP', 'RB1CC1', 'OGT', 'PIK3C3', 'ATG16L1', 'ATG3']"
GO:0010506,"['ABL1', 'AMBRA1', 'SQSTM1', 'BECN1', 'ATG2A', 'UBQLN2', 'NOD1', 'PIK3C3', 'NPC1', 'CLEC16A', 'CISD2', 'EPM2A', 'PIP4K2B', 'FOXO1', 'STING1', 'HMGB1', 'TP53', 'ULK2', 'BNIP3', 'BCL2', 'DAP', 'CALCOCO2', 'PRKN', 'MAPK3', 'OPTN', 'RB1CC1', 'MTOR', 'ATG16L1']"
KEGG:04068,"['MAPK3', 'FOXO1', 'BNIP3']"
GO:0016234,"['PRKN', 'PSEN1', 'SQSTM1']"
GO:0061919,"['ATG9A', 'TOLLIP', 'AMBRA1', 'ABL1', 'SQSTM1', 'BECN1', 'ATG2A', 'ATG4B', 'UBXN6', 'SRC', 'MARK2', 'VPS25', 'UBQLN2', 'NOD1', 'PIK3C3', 'LGALS8', 'S100A9', 'TRAPPC4', 'NPC1', 'CHMP3', 'CLEC16A', 'CISD2', 'OGT', 'EPM2A', 'PIP4K2B', 'STAM', 'ATG3', 'FOXO1', 'STING1', 'PHB2', 'HMGB1', 'TP53', 'PSEN1', 'AP4M1', 'MAP1LC3C', 'ULK2', 'MCOLN1', 'INHBA', 'BNIP3', 'BCL2', 'SNF8', 'DAP', 'STX17', 'CALCOCO2', 'MAPK3', 'PRKN', 'OPTN', 'VCP', 'VPS36', 'RB1CC1', 'MTOR', 'ARSB', 'UBA5', 'ATG16L1', 'PEX5']"
HPA:0300412,"['TOLLIP', 'AMBRA1', 'SQSTM1', 'LYN', 'BECN1', 'ATG4B', 'PIK3C3', 'S100A9', 'LGALS8', 'NPC1', 'CHMP3', 'CISD2', 'STAM', 'STING1', 'PHB2', 'HMGB1', 'PSEN1', 'ULK2', 'BNIP3', 'STX17', 'CALCOCO2', 'MAPK3', 'OPTN', 'VCP', 'VPS36', 'RB1CC1', 'ARSB', 'ATG16L1', 'PEX5']"
GO:0005768,"['ATG9A', 'TOLLIP', 'SQSTM1', 'BECN1', 'UBXN6', 'SRC', 'VPS25', 'PIK3C3', 'NPC1', 'TRAPPC4', 'CHMP3', 'CLEC16A', 'STAM', 'STING1', 'HMGB1', 'PSEN1', 'AP4M1', 'MCOLN1', 'SNF8', 'MAPK3', 'OPTN', 'VPS36', 'ATG16L1']"
GO:0098542,"['TOLLIP', 'SQSTM1', 'LYN', 'BECN1', 'SRC', 'NOD1', 'LGALS8', 'S100A9', 'CHMP3', 'STING1', 'HMGB1', 'PHB2', 'TP53', 'BNIP3', 'BCL2', 'CALCOCO2', 'MAPK3', 'OPTN', 'ATG16L1']"
GO:0035967,"['PRKN', 'VCP', 'OPTN']"
GO:0032446,"['TOLLIP', 'PRKN', 'UBA5', 'ABL1', 'AMBRA1', 'SQSTM1', 'VCP', 'OGT', 'EPM2A', 'BCL2', 'ATG3']"
GO:0043491,"['MTOR', 'AMBRA1', 'BECN1', 'SRC']"
GO:0016049,"['PRKN', 'ABL1', 'TP53', 'ULK2', 'INHBA', 'MTOR', 'EPM2A', 'BCL2', 'S100A9']"
GO:0000422,"['PRKN', 'AMBRA1', 'PHB2', 'OPTN', 'SQSTM1', 'TP53', 'BECN1', 'ATG4B', 'RB1CC1', 'OGT', 'MARK2', 'BNIP3']"
GO:0045862,"['PRKN', 'LYN', 'PSEN1', 'VCP', 'SRC', 'OGT']"
GO:0022411,"['CLEC16A', 'BECN1', 'VCP', 'PEX5', 'MAP1LC3C', 'MCOLN1', 'BNIP3', 'CALCOCO2', 'PIK3C3', 'STX17', 'CHMP3']"
GO:0031647,"['PRKN', 'PHB2', 'TP53', 'SRC', 'MTOR', 'BCL2']"
HPA:0390051,"['TOLLIP', 'AMBRA1', 'ABL1', 'SQSTM1', 'LYN', 'BECN1', 'UBXN6', 'SRC', 'MARK2', 'UBQLN2', 'PIK3C3', 'LGALS8', 'TRAPPC4', 'NPC1', 'CHMP3', 'CLEC16A', 'CISD2', 'OGT', 'STAM', 'ATG3', 'FOXO1', 'STING1', 'PHB2', 'HMGB1', 'PSEN1', 'ULK2', 'BNIP3', 'BCL2', 'SNF8', 'STX17', 'CALCOCO2', 'MAPK3', 'OPTN', 'VCP', 'VPS36', 'RB1CC1', 'MTOR', 'ARSB', 'UBA5', 'ATG16L1', 'PEX5']"
GO:0032984,"['CLEC16A', 'BECN1', 'VCP', 'PEX5', 'MAP1LC3C', 'MCOLN1', 'BNIP3', 'CALCOCO2', 'PIK3C3', 'STX17', 'CHMP3']"
GO:0002253,"['STING1', 'ABL1', 'HMGB1', 'SQSTM1', 'PHB2', 'LYN', 'BECN1', 'PSEN1', 'SRC', 'NOD1', 'BCL2', 'S100A9']"
HPA:0590052,"['TOLLIP', 'AMBRA1', 'ABL1', 'SQSTM1', 'BECN1', 'MARK2', 'ABI2', 'UBQLN2', 'PIK3C3', 'LGALS8', 'NPC1', 'CHMP3', 'CLEC16A', 'CISD2', 'OGT', 'STAM', 'ATG3', 'PHB2', 'HMGB1', 'PSEN1', 'ULK2', 'BCL2', 'SNF8', 'STX17', 'CALCOCO2', 'PRKN', 'OPTN', 'VCP', 'VPS36', 'RB1CC1', 'MTOR', 'ARSB', 'UBA5', 'ATG16L1', 'PEX5']"
GO:0001816,"['STING1', 'ABL1', 'HMGB1', 'LYN', 'PSEN1', 'SRC', 'INHBA', 'NOD1']"
GO:0051130,"['AMBRA1', 'ABL1', 'LYN', 'ATG2A', 'BECN1', 'SRC', 'MARK2', 'ABI2', 'S100A9', 'PIP4K2B', 'TP53', 'PSEN1', 'MCOLN1', 'BNIP3', 'CALCOCO2', 'PRKN', 'MAPK3', 'VCP', 'MTOR', 'ARSB']"
HPA:0390052,"['TOLLIP', 'AMBRA1', 'SQSTM1', 'SRC', 'MARK2', 'UBQLN2', 'PIK3C3', 'LGALS8', 'TRAPPC4', 'NPC1', 'CHMP3', 'CLEC16A', 'CISD2', 'OGT', 'ATG3', 'STING1', 'PHB2', 'HMGB1', 'PSEN1', 'BNIP3', 'BCL2', 'SNF8', 'STX17', 'MAPK3', 'OPTN', 'VCP', 'VPS36', 'RB1CC1', 'ARSB', 'UBA5', 'ATG16L1', 'PEX5']"
GO:1902115,"['ATG2A', 'BECN1', 'SRC', 'MTOR', 'UBQLN2', 'PIP4K2B', 'STAM', 'ATG3', 'CHMP3']"
GO:0022402,"['AMBRA1', 'PHB2', 'TP53', 'LYN', 'BECN1', 'VCP', 'INHBA', 'BCL2', 'PIK3C3', 'CHMP3']"
GO:0065009,"['PRKN', 'STING1', 'MAPK3', 'ABL1', 'HMGB1', 'PHB2', 'TP53', 'LYN', 'PSEN1', 'DAP', 'VCP', 'SRC', 'MARK2', 'VPS25', 'NOD1', 'BCL2', 'EPM2A', 'S100A9']"
HPA:0430052,"['ABL1', 'SQSTM1', 'UBXN6', 'SRC', 'MARK2', 'PIK3C3', 'LGALS8', 'TRAPPC4', 'NPC1', 'CHMP3', 'CLEC16A', 'CISD2', 'OGT', 'STAM', 'ATG3', 'FOXO1', 'STING1', 'PHB2', 'PSEN1', 'ULK2', 'BNIP3', 'BCL2', 'SNF8', 'STX17', 'MAPK3', 'OPTN', 'VCP', 'VPS36', 'RB1CC1', 'MTOR', 'ARSB', 'UBA5', 'ATG16L1', 'PEX5']"
GO:0051707,"['TOLLIP', 'ABL1', 'SQSTM1', 'LYN', 'BECN1', 'SRC', 'NOD1', 'LGALS8', 'S100A9', 'CHMP3', 'STING1', 'HMGB1', 'PHB2', 'TP53', 'BNIP3', 'BCL2', 'CALCOCO2', 'MAPK3', 'OPTN', 'ATG16L1']"
GO:0009607,"['TOLLIP', 'ABL1', 'SQSTM1', 'LYN', 'BECN1', 'SRC', 'NOD1', 'LGALS8', 'S100A9', 'CHMP3', 'STING1', 'HMGB1', 'PHB2', 'TP53', 'BNIP3', 'BCL2', 'CALCOCO2', 'MAPK3', 'OPTN', 'ATG16L1']"
GO:1901700,"['ABL1', 'LYN', 'BECN1', 'SRC', 'NOD1', 'S100A9', 'OGT', 'PIP4K2B', 'FOXO1', 'HMGB1', 'PHB2', 'TP53', 'PSEN1', 'INHBA', 'BNIP3', 'BCL2', 'PRKN', 'MAPK3', 'VCP', 'MTOR', 'PEX5']"
GO:0045859,"['ABL1', 'PHB2', 'LYN', 'SRC', 'MARK2', 'VPS25']"
GO:0010628,"['PRKN', 'STING1', 'ABL1', 'HMGB1', 'PHB2', 'TP53', 'PSEN1', 'SRC', 'OGT', 'INHBA', 'MTOR', 'NOD1', 'SNF8']"
GO:0097708,"['ATG9A', 'TOLLIP', 'AMBRA1', 'SQSTM1', 'LYN', 'BECN1', 'ATG4B', 'UBXN6', 'SRC', 'VPS25', 'UBQLN2', 'NOD1', 'PIK3C3', 'LGALS8', 'S100A9', 'TRAPPC4', 'NPC1', 'CHMP3', 'CLEC16A', 'STAM', 'STING1', 'HMGB1', 'PSEN1', 'AP4M1', 'MAP1LC3C', 'ULK2', 'MCOLN1', 'SNF8', 'STX17', 'CALCOCO2', 'MAPK3', 'PRKN', 'OPTN', 'VCP', 'VPS36', 'MTOR', 'ARSB', 'ATG16L1']"
GO:0099081,"['SQSTM1', 'PSEN1', 'SRC', 'MARK2', 'MAP1LC3C', 'CHMP3']"
HPA:0620000,"['TOLLIP', 'ABL1', 'SQSTM1', 'ATG4B', 'UBXN6', 'SRC', 'MARK2', 'ABI2', 'UBQLN2', 'PIK3C3', 'LGALS8', 'S100A9', 'NPC1', 'CHMP3', 'OGT', 'STAM', 'ATG3', 'STING1', 'PHB2', 'HMGB1', 'PSEN1', 'ULK2', 'BNIP3', 'BCL2', 'SNF8', 'STX17', 'MAPK3', 'OPTN', 'VCP', 'VPS36', 'MTOR', 'ARSB', 'ATG16L1', 'PEX5']"
HPA:0170000,"['TOLLIP', 'ABL1', 'SQSTM1', 'BECN1', 'UBXN6', 'MARK2', 'ABI2', 'UBQLN2', 'PIK3C3', 'LGALS8', 'TRAPPC4', 'NPC1', 'CHMP3', 'CLEC16A', 'CISD2', 'OGT', 'STAM', 'ATG3', 'FOXO1', 'STING1', 'PHB2', 'HMGB1', 'PSEN1', 'ULK2', 'BNIP3', 'BCL2', 'SNF8', 'STX17', 'CALCOCO2', 'MAPK3', 'PRKN', 'OPTN', 'VCP', 'VPS36', 'RB1CC1', 'MTOR', 'ARSB', 'UBA5', 'ATG16L1', 'PEX5']"
GO:0031982,"['ATG9A', 'TOLLIP', 'AMBRA1', 'SQSTM1', 'LYN', 'BECN1', 'ATG4B', 'UBXN6', 'SRC', 'VPS25', 'UBQLN2', 'NOD1', 'PIK3C3', 'LGALS8', 'S100A9', 'TRAPPC4', 'NPC1', 'CHMP3', 'CLEC16A', 'STAM', 'STING1', 'HMGB1', 'PSEN1', 'AP4M1', 'MAP1LC3C', 'ULK2', 'MCOLN1', 'SNF8', 'STX17', 'CALCOCO2', 'MAPK3', 'PRKN', 'OPTN', 'VCP', 'VPS36', 'MTOR', 'ARSB', 'ATG16L1']"
GO:1905037,"['ATG9A', 'AMBRA1', 'BECN1', 'ATG2A', 'ATG4B', 'UBQLN2', 'PIK3C3', 'EPM2A', 'PIP4K2B', 'ATG3', 'STING1', 'PSEN1', 'AP4M1', 'MAP1LC3C', 'ULK2', 'STX17', 'RB1CC1', 'MTOR', 'ATG16L1']"
GO:0031669,"['FOXO1', 'MAPK3', 'AMBRA1', 'CLEC16A', 'BECN1', 'TP53', 'OGT', 'MAP1LC3C', 'INHBA', 'BCL2', 'MTOR', 'DAP', 'PIK3C3']"
GO:0050801,"['MAPK3', 'ABL1', 'LYN', 'PSEN1', 'MCOLN1', 'BNIP3', 'BCL2', 'S100A9']"
GO:1990234,"['PRKN', 'STING1', 'AMBRA1', 'BECN1', 'RB1CC1', 'OGT', 'PIK3C3', 'ATG16L1', 'ATG3']"
GO:0005773,"['ATG9A', 'TOLLIP', 'AMBRA1', 'SQSTM1', 'LYN', 'BECN1', 'ATG4B', 'UBXN6', 'SRC', 'UBQLN2', 'PIK3C3', 'NPC1', 'CHMP3', 'CLEC16A', 'PIP4K2B', 'STING1', 'PSEN1', 'MAP1LC3C', 'ULK2', 'MCOLN1', 'STX17', 'CALCOCO2', 'OPTN', 'VCP', 'VPS36', 'RB1CC1', 'MTOR', 'ARSB', 'ATG16L1']"
GO:0008219,"['ATG9A', 'AMBRA1', 'ABL1', 'SQSTM1', 'LYN', 'BECN1', 'SRC', 'NOD1', 'S100A9', 'NPC1', 'CHMP3', 'OGT', 'ATG3', 'FOXO1', 'PHB2', 'HMGB1', 'TP53', 'PSEN1', 'INHBA', 'BNIP3', 'BCL2', 'DAP', 'MAPK3', 'PRKN', 'OPTN', 'VCP', 'RB1CC1', 'MTOR']"
GO:0006952,"['TOLLIP', 'SQSTM1', 'LYN', 'BECN1', 'SRC', 'NOD1', 'LGALS8', 'S100A9', 'CHMP3', 'STING1', 'HMGB1', 'PHB2', 'TP53', 'PSEN1', 'INHBA', 'BNIP3', 'BCL2', 'CALCOCO2', 'MAPK3', 'OPTN', 'MTOR', 'ATG16L1']"
GO:0048522,"['TOLLIP', 'AMBRA1', 'ABL1', 'SQSTM1', 'LYN', 'BECN1', 'ATG2A', 'SRC', 'MARK2', 'ABI2', 'NOD1', 'S100A9', 'CHMP3', 'CLEC16A', 'OGT', 'EPM2A', 'PIP4K2B', 'STAM', 'FOXO1', 'STING1', 'PHB2', 'HMGB1', 'TP53', 'PSEN1', 'ULK2', 'MCOLN1', 'INHBA', 'BNIP3', 'BCL2', 'SNF8', 'CALCOCO2', 'MAPK3', 'PRKN', 'OPTN', 'VCP', 'RB1CC1', 'MTOR', 'ARSB', 'ATG16L1']"
GO:0018105,"['EPM2A', 'MARK2', 'BCL2', 'MTOR']"
GO:1901800,"['PRKN', 'PSEN1', 'VCP']"
GO:0043065,"['FOXO1', 'ABL1', 'HMGB1', 'SQSTM1', 'TP53', 'LYN', 'BECN1', 'PSEN1', 'SRC', 'INHBA', 'BNIP3', 'NOD1', 'BCL2', 'S100A9']"
GO:1903578,"['OGT', 'MTOR', 'VCP', 'PSEN1']"
GO:1903432,"['MAPK3', 'CLEC16A', 'SRC', 'OGT', 'NPC1']"
HPA:0130201,"['TOLLIP', 'AMBRA1', 'ABL1', 'SQSTM1', 'LYN', 'BECN1', 'UBXN6', 'MARK2', 'UBQLN2', 'PIK3C3', 'LGALS8', 'TRAPPC4', 'NPC1', 'CHMP3', 'CLEC16A', 'CISD2', 'STAM', 'ATG3', 'FOXO1', 'STING1', 'HMGB1', 'PSEN1', 'ULK2', 'BNIP3', 'SNF8', 'STX17', 'CALCOCO2', 'MAPK3', 'PRKN', 'OPTN', 'VCP', 'VPS36', 'RB1CC1', 'MTOR', 'ARSB', 'ATG16L1', 'PEX5']"
GO:1905897,['PRKN']
GO:0097190,"['PRKN', 'ABL1', 'TP53', 'BECN1', 'PSEN1', 'SRC', 'RB1CC1', 'INHBA', 'BNIP3', 'DAP', 'BCL2', 'S100A9']"
GO:1903320,"['TOLLIP', 'PRKN', 'ABL1', 'SQSTM1', 'VCP', 'OGT', 'EPM2A']"
GO:0106310,"['MAPK3', 'MARK2', 'ULK2', 'MTOR']"
GO:0072594,"['PRKN', 'PHB2', 'SQSTM1', 'TP53', 'BECN1', 'AP4M1', 'PSEN1', 'PEX5', 'VPS36', 'VPS25', 'SNF8', 'EPM2A', 'PIK3C3', 'STAM']"
HPA:0470000,"['TOLLIP', 'AMBRA1', 'SQSTM1', 'UBXN6', 'SRC', 'MARK2', 'UBQLN2', 'PIK3C3', 'LGALS8', 'S100A9', 'TRAPPC4', 'NPC1', 'CHMP3', 'CLEC16A', 'CISD2', 'OGT', 'STAM', 'ATG3', 'STING1', 'PHB2', 'HMGB1', 'TP53', 'PSEN1', 'ULK2', 'BNIP3', 'BCL2', 'SNF8', 'STX17', 'CALCOCO2', 'MAPK3', 'OPTN', 'VCP', 'VPS36', 'MTOR', 'ARSB', 'UBA5', 'ATG16L1', 'PEX5']"
GO:0051641,"['ATG9A', 'TOLLIP', 'ABL1', 'SQSTM1', 'LYN', 'BECN1', 'ATG4B', 'UBXN6', 'SRC', 'VPS25', 'PIK3C3', 'S100A9', 'TRAPPC4', 'NPC1', 'CHMP3', 'CLEC16A', 'OGT', 'EPM2A', 'STAM', 'ATG3', 'FOXO1', 'PHB2', 'TP53', 'PSEN1', 'AP4M1', 'MAP1LC3C', 'MCOLN1', 'BCL2', 'SNF8', 'STX17', 'MAPK3', 'PRKN', 'OPTN', 'VCP', 'VPS36', 'MTOR', 'ARSB', 'ATG16L1', 'PEX5']"
GO:0051603,"['TOLLIP', 'PRKN', 'AMBRA1', 'SQSTM1', 'PSEN1', 'VCP', 'UBXN6', 'VPS36', 'OGT', 'VPS25', 'UBQLN2', 'EPM2A', 'SNF8', 'STAM', 'CHMP3']"
GO:0002753,"['STING1', 'PHB2', 'HMGB1', 'BECN1', 'SRC', 'NOD1']"
HPA:0610832,"['TOLLIP', 'AMBRA1', 'ABL1', 'SQSTM1', 'BECN1', 'UBXN6', 'SRC', 'ABI2', 'UBQLN2', 'PIK3C3', 'LGALS8', 'TRAPPC4', 'NPC1', 'CHMP3', 'CISD2', 'OGT', 'STAM', 'ATG3', 'STING1', 'PHB2', 'HMGB1', 'PSEN1', 'ULK2', 'BNIP3', 'BCL2', 'SNF8', 'STX17', 'CALCOCO2', 'MAPK3', 'PRKN', 'OPTN', 'VCP', 'VPS36', 'RB1CC1', 'MTOR', 'ARSB', 'UBA5', 'ATG16L1', 'PEX5']"
WP:WP3844,"['FOXO1', 'MTOR', 'RB1CC1']"
GO:0000226,"['MARK2', 'ABL1', 'VCP', 'CHMP3']"
GO:0008104,"['ATG9A', 'TOLLIP', 'ABL1', 'SQSTM1', 'BECN1', 'ATG4B', 'SRC', 'VPS25', 'PIK3C3', 'NPC1', 'CHMP3', 'OGT', 'EPM2A', 'STAM', 'ATG3', 'FOXO1', 'PHB2', 'TP53', 'PSEN1', 'AP4M1', 'MAP1LC3C', 'MCOLN1', 'BCL2', 'SNF8', 'STX17', 'PRKN', 'OPTN', 'VCP', 'VPS36', 'MTOR', 'ATG16L1', 'PEX5']"
GO:0031090,"['ATG9A', 'AMBRA1', 'ABL1', 'LYN', 'BECN1', 'ATG2A', 'ATG4B', 'SRC', 'UBXN6', 'VPS25', 'PIK3C3', 'TRAPPC4', 'NPC1', 'CHMP3', 'CLEC16A', 'CISD2', 'OGT', 'EPM2A', 'PIP4K2B', 'STAM', 'STING1', 'PHB2', 'PSEN1', 'AP4M1', 'MAP1LC3C', 'ULK2', 'MCOLN1', 'BNIP3', 'BCL2', 'SNF8', 'STX17', 'CALCOCO2', 'PRKN', 'OPTN', 'VCP', 'VPS36', 'RB1CC1', 'MTOR', 'UBA5', 'ATG16L1', 'PEX5']"
HPA:0030000,"['TOLLIP', 'AMBRA1', 'ABL1', 'SQSTM1', 'LYN', 'BECN1', 'ATG4B', 'UBXN6', 'SRC', 'MARK2', 'ABI2', 'UBQLN2', 'PIK3C3', 'LGALS8', 'TRAPPC4', 'NPC1', 'CHMP3', 'CLEC16A', 'CISD2', 'OGT', 'STAM', 'ATG3', 'FOXO1', 'STING1', 'PHB2', 'HMGB1', 'TP53', 'PSEN1', 'AP4M1', 'ULK2', 'BNIP3', 'BCL2', 'SNF8', 'STX17', 'CALCOCO2', 'MAPK3', 'PRKN', 'OPTN', 'VCP', 'VPS36', 'RB1CC1', 'MTOR', 'ARSB', 'UBA5', 'ATG16L1', 'PEX5']"
GO:0031983,"['TOLLIP', 'HMGB1', 'VCP', 'ARSB', 'S100A9']"
GO:0071456,"['PHB2', 'TP53', 'SRC', 'INHBA', 'MTOR', 'BNIP3', 'BCL2']"
GO:0000323,"['TOLLIP', 'SQSTM1', 'CLEC16A', 'LYN', 'PSEN1', 'VCP', 'UBXN6', 'SRC', 'VPS36', 'RB1CC1', 'MCOLN1', 'MTOR', 'ARSB', 'PIK3C3', 'ATG16L1', 'NPC1', 'CHMP3']"
GO:0010038,"['PRKN', 'MAPK3', 'BECN1', 'MCOLN1', 'BNIP3', 'BCL2', 'NPC1']"
HPA:0350471,"['TOLLIP', 'AMBRA1', 'ABL1', 'SQSTM1', 'LYN', 'BECN1', 'ATG4B', 'UBXN6', 'MARK2', 'ABI2', 'UBQLN2', 'PIK3C3', 'LGALS8', 'TRAPPC4', 'NPC1', 'CHMP3', 'CLEC16A', 'CISD2', 'OGT', 'STAM', 'ATG3', 'FOXO1', 'STING1', 'PHB2', 'HMGB1', 'PSEN1', 'AP4M1', 'ULK2', 'BNIP3', 'BCL2', 'SNF8', 'STX17', 'CALCOCO2', 'MAPK3', 'PRKN', 'OPTN', 'VCP', 'VPS36', 'RB1CC1', 'MTOR', 'ARSB', 'UBA5', 'ATG16L1', 'PEX5']"
HP:0100543,"['PRKN', 'UBA5', 'OPTN', 'SQSTM1', 'TP53', 'PSEN1', 'CISD2', 'VCP', 'MCOLN1', 'MTOR', 'UBQLN2', 'EPM2A', 'PEX5', 'NPC1']"
GO:0060205,"['TOLLIP', 'HMGB1', 'VCP', 'ARSB', 'S100A9']"
GO:1901699,"['FOXO1', 'STING1', 'PRKN', 'ABL1', 'MAPK3', 'TP53', 'LYN', 'PSEN1', 'SRC', 'OGT', 'INHBA', 'MTOR', 'NOD1', 'PIP4K2B']"
GO:0009896,"['AMBRA1', 'SQSTM1', 'BECN1', 'ATG2A', 'NOD1', 'EPM2A', 'PIP4K2B', 'FOXO1', 'STING1', 'HMGB1', 'PSEN1', 'ULK2', 'BNIP3', 'SNF8', 'CALCOCO2', 'MAPK3', 'PRKN', 'OPTN', 'VCP', 'RB1CC1', 'MTOR', 'ATG16L1']"
GO:0007017,"['MARK2', 'ABL1', 'VCP', 'CHMP3']"
GO:1903131,"['AMBRA1', 'ABL1', 'HMGB1', 'TP53', 'LYN', 'PSEN1', 'INHBA', 'MTOR', 'BCL2']"
GO:1902531,"['AMBRA1', 'ABL1', 'SQSTM1', 'LYN', 'BECN1', 'SRC', 'NOD1', 'S100A9', 'NPC1', 'CLEC16A', 'OGT', 'FOXO1', 'HMGB1', 'PHB2', 'TP53', 'INHBA', 'BCL2', 'PRKN', 'MAPK3', 'OPTN', 'VCP', 'RB1CC1', 'MTOR', 'UBA5']"
GO:0071216,"['MAPK3', 'ABL1', 'HMGB1', 'TP53', 'LYN', 'SRC']"
GO:0055082,"['FOXO1', 'MAPK3', 'ABL1', 'LYN', 'PSEN1', 'OGT', 'MCOLN1', 'BNIP3', 'BCL2', 'S100A9']"
REAC:R-HSA-1643685,"['ABL1', 'SQSTM1', 'LYN', 'BECN1', 'SRC', 'ABI2', 'VPS25', 'NOD1', 'PIK3C3', 'S100A9', 'CHMP3', 'EPM2A', 'STAM', 'FOXO1', 'STING1', 'HMGB1', 'TP53', 'PSEN1', 'SNF8', 'MAPK3', 'VCP', 'VPS36', 'MTOR', 'ARSB']"
GO:0044419,"['TOLLIP', 'ABL1', 'SQSTM1', 'LYN', 'BECN1', 'SRC', 'NOD1', 'PIK3C3', 'S100A9', 'LGALS8', 'NPC1', 'CHMP3', 'STING1', 'PHB2', 'HMGB1', 'TP53', 'BNIP3', 'BCL2', 'CALCOCO2', 'MAPK3', 'PRKN', 'OPTN', 'ATG16L1']"
GO:0050776,"['STING1', 'ABL1', 'HMGB1', 'SQSTM1', 'PHB2', 'LYN', 'BECN1', 'PSEN1', 'SRC', 'NOD1', 'BCL2', 'S100A9']"
GO:0009267,"['FOXO1', 'MAPK3', 'AMBRA1', 'CLEC16A', 'BECN1', 'TP53', 'MAP1LC3C', 'BCL2', 'MTOR', 'DAP', 'PIK3C3']"
GO:0051493,"['PRKN', 'MAPK3', 'ABL1', 'MARK2', 'ABI2', 'MTOR', 'S100A9', 'CHMP3']"
GO:0051247,"['TOLLIP', 'FOXO1', 'PRKN', 'ABL1', 'PHB2', 'SQSTM1', 'TP53', 'LYN', 'PSEN1', 'VCP', 'SRC', 'OGT', 'MARK2', 'RB1CC1', 'INHBA', 'MTOR', 'SNF8', 'BCL2']"
GO:0032103,"['MAPK3', 'STING1', 'HMGB1', 'SQSTM1', 'PHB2', 'OPTN', 'LYN', 'BECN1', 'SRC', 'NOD1', 'S100A9']"
HPA:0160000,"['TOLLIP', 'AMBRA1', 'ABL1', 'SQSTM1', 'BECN1', 'UBXN6', 'MARK2', 'ABI2', 'UBQLN2', 'PIK3C3', 'LGALS8', 'TRAPPC4', 'NPC1', 'CHMP3', 'CLEC16A', 'CISD2', 'OGT', 'STAM', 'ATG3', 'PHB2', 'HMGB1', 'PSEN1', 'AP4M1', 'ULK2', 'BNIP3', 'BCL2', 'SNF8', 'STX17', 'CALCOCO2', 'MAPK3', 'PRKN', 'OPTN', 'VCP', 'VPS36', 'RB1CC1', 'MTOR', 'ARSB', 'UBA5', 'ATG16L1', 'PEX5']"
GO:0005635,"['MAPK3', 'ABL1', 'PSEN1', 'RB1CC1', 'BNIP3', 'MTOR', 'BCL2', 'NPC1', 'CHMP3']"
GO:0010646,"['AMBRA1', 'ABL1', 'SQSTM1', 'LYN', 'BECN1', 'SRC', 'VPS25', 'UBQLN2', 'NOD1', 'S100A9', 'NPC1', 'CLEC16A', 'OGT', 'PIP4K2B', 'FOXO1', 'STING1', 'PHB2', 'HMGB1', 'TP53', 'PSEN1', 'INHBA', 'BCL2', 'MAPK3', 'PRKN', 'OPTN', 'VCP', 'RB1CC1', 'MTOR', 'UBA5']"
HPA:0180052,"['TOLLIP', 'ABL1', 'SQSTM1', 'BECN1', 'UBXN6', 'SRC', 'UBQLN2', 'PIK3C3', 'LGALS8', 'TRAPPC4', 'NPC1', 'CHMP3', 'CISD2', 'OGT', 'STAM', 'ATG3', 'FOXO1', 'STING1', 'HMGB1', 'PSEN1', 'ULK2', 'BNIP3', 'BCL2', 'SNF8', 'STX17', 'CALCOCO2', 'MAPK3', 'PRKN', 'OPTN', 'VCP', 'VPS36', 'RB1CC1', 'MTOR', 'ARSB', 'UBA5', 'ATG16L1', 'PEX5']"
GO:0006955,"['TOLLIP', 'STING1', 'ABL1', 'HMGB1', 'SQSTM1', 'PHB2', 'OPTN', 'TP53', 'LYN', 'BECN1', 'PSEN1', 'SRC', 'MCOLN1', 'MTOR', 'NOD1', 'BCL2', 'S100A9', 'CALCOCO2']"
HPA:0030051,"['TOLLIP', 'AMBRA1', 'ABL1', 'SQSTM1', 'LYN', 'BECN1', 'ATG4B', 'UBXN6', 'SRC', 'MARK2', 'ABI2', 'UBQLN2', 'PIK3C3', 'LGALS8', 'TRAPPC4', 'NPC1', 'CHMP3', 'CLEC16A', 'CISD2', 'OGT', 'STAM', 'ATG3', 'FOXO1', 'STING1', 'PSEN1', 'AP4M1', 'ULK2', 'BNIP3', 'SNF8', 'STX17', 'CALCOCO2', 'MAPK3', 'PRKN', 'OPTN', 'VCP', 'VPS36', 'RB1CC1', 'MTOR', 'ARSB', 'UBA5', 'ATG16L1', 'PEX5']"
GO:0048523,"['AMBRA1', 'ABL1', 'SQSTM1', 'LYN', 'BECN1', 'SRC', 'VPS25', 'UBQLN2', 'NPC1', 'CLEC16A', 'OGT', 'EPM2A', 'PIP4K2B', 'ATG3', 'FOXO1', 'PHB2', 'HMGB1', 'TP53', 'PSEN1', 'ULK2', 'MCOLN1', 'INHBA', 'BNIP3', 'BCL2', 'DAP', 'MAPK3', 'PRKN', 'OPTN', 'VCP', 'RB1CC1', 'MTOR', 'PEX5']"
GO:0033043,"['ABL1', 'SQSTM1', 'BECN1', 'ATG2A', 'SRC', 'MARK2', 'ABI2', 'UBQLN2', 'S100A9', 'CHMP3', 'CLEC16A', 'PIP4K2B', 'STAM', 'ATG3', 'TP53', 'MCOLN1', 'BNIP3', 'CALCOCO2', 'MAPK3', 'PRKN', 'MTOR']"
GO:0000070,"['BECN1', 'CHMP3']"
GO:0044877,"['PRKN', 'ABL1', 'HMGB1', 'SQSTM1', 'TP53', 'LYN', 'VCP', 'SRC', 'INHBA', 'MTOR', 'NOD1', 'LGALS8']"
GO:0031929,"['MAPK3', 'CLEC16A', 'SRC', 'OGT', 'MTOR', 'NPC1']"
GO:0009266,"['FOXO1', 'MTOR', 'LYN', 'VCP']"
GO:0051301,"['PIK3C3', 'BECN1', 'CHMP3']"
GO:0044403,"['PRKN', 'HMGB1', 'BECN1', 'SRC', 'PIK3C3', 'NPC1', 'CHMP3']"
GO:0012506,"['ATG9A', 'LYN', 'BECN1', 'UBXN6', 'VPS25', 'PIK3C3', 'NPC1', 'CHMP3', 'CLEC16A', 'STAM', 'STING1', 'PSEN1', 'ULK2', 'MCOLN1', 'SNF8', 'STX17', 'OPTN', 'VPS36', 'ATG16L1']"
GO:0031347,"['MAPK3', 'STING1', 'HMGB1', 'SQSTM1', 'PHB2', 'OPTN', 'LYN', 'BECN1', 'SRC', 'NOD1', 'S100A9']"
GO:0006954,"['TOLLIP', 'STING1', 'HMGB1', 'LYN', 'PSEN1', 'SRC', 'MTOR', 'NOD1', 'S100A9']"
HPA:0360052,"['TOLLIP', 'AMBRA1', 'SQSTM1', 'BECN1', 'UBXN6', 'MARK2', 'UBQLN2', 'LGALS8', 'TRAPPC4', 'CHMP3', 'CLEC16A', 'CISD2', 'STAM', 'ATG3', 'PHB2', 'HMGB1', 'PSEN1', 'AP4M1', 'BNIP3', 'BCL2', 'STX17', 'MAPK3', 'PRKN', 'OPTN', 'VCP', 'VPS36', 'RB1CC1', 'MTOR', 'ARSB', 'UBA5', 'ATG16L1']"
WP:WP5115,"['MARK2', 'MTOR', 'VPS36']"
GO:0006915,"['AMBRA1', 'ABL1', 'SQSTM1', 'LYN', 'BECN1', 'SRC', 'NOD1', 'S100A9', 'NPC1', 'CHMP3', 'OGT', 'ATG3', 'FOXO1', 'PHB2', 'HMGB1', 'TP53', 'PSEN1', 'INHBA', 'BNIP3', 'BCL2', 'DAP', 'MAPK3', 'PRKN', 'VCP', 'RB1CC1', 'MTOR']"
REAC:R-HSA-9679506,"['STING1', 'BECN1', 'VCP', 'NOD1', 'PIK3C3', 'CHMP3']"
GO:0051716,"['TOLLIP', 'AMBRA1', 'ABL1', 'SQSTM1', 'LYN', 'BECN1', 'UBXN6', 'SRC', 'MARK2', 'ABI2', 'VPS25', 'UBQLN2', 'NOD1', 'PIK3C3', 'S100A9', 'NPC1', 'CLEC16A', 'OGT', 'EPM2A', 'PIP4K2B', 'STAM', 'FOXO1', 'STING1', 'PHB2', 'HMGB1', 'TP53', 'PSEN1', 'MAP1LC3C', 'ULK2', 'MCOLN1', 'INHBA', 'BNIP3', 'BCL2', 'DAP', 'MAPK3', 'PRKN', 'OPTN', 'VCP', 'RB1CC1', 'MTOR', 'UBA5', 'PEX5']"
GO:0042592,"['FOXO1', 'PRKN', 'MAPK3', 'AMBRA1', 'ABL1', 'HMGB1', 'SQSTM1', 'LYN', 'PSEN1', 'SRC', 'OGT', 'INHBA', 'BNIP3', 'MCOLN1', 'UBA5', 'BCL2', 'S100A9', 'NPC1']"
KEGG:04137,"['ATG9A', 'PRKN', 'AMBRA1', 'PHB2', 'SQSTM1', 'OPTN', 'TP53', 'BECN1', 'VCP', 'SRC', 'MAP1LC3C', 'BNIP3', 'CALCOCO2']"
GO:0061695,"['STING1', 'PIK3C3', 'BECN1', 'RB1CC1']"
HPA:0180051,"['TOLLIP', 'ABL1', 'SQSTM1', 'BECN1', 'UBXN6', 'SRC', 'MARK2', 'UBQLN2', 'PIK3C3', 'LGALS8', 'TRAPPC4', 'NPC1', 'CHMP3', 'CLEC16A', 'CISD2', 'OGT', 'STAM', 'ATG3', 'FOXO1', 'STING1', 'PHB2', 'HMGB1', 'PSEN1', 'ULK2', 'BNIP3', 'BCL2', 'SNF8', 'STX17', 'CALCOCO2', 'MAPK3', 'PRKN', 'OPTN', 'VCP', 'VPS36', 'RB1CC1', 'MTOR', 'ARSB', 'UBA5', 'ATG16L1', 'PEX5']"
GO:0070925,"['ATG9A', 'AMBRA1', 'SQSTM1', 'BECN1', 'ATG2A', 'ATG4B', 'SRC', 'VPS25', 'UBQLN2', 'PIK3C3', 'CHMP3', 'EPM2A', 'PIP4K2B', 'STAM', 'ATG3', 'STING1', 'PSEN1', 'AP4M1', 'MAP1LC3C', 'ULK2', 'SNF8', 'STX17', 'VPS36', 'RB1CC1', 'MTOR', 'ATG16L1']"
GO:0019941,"['TOLLIP', 'PRKN', 'AMBRA1', 'SQSTM1', 'PSEN1', 'VCP', 'VPS36', 'OGT', 'VPS25', 'UBQLN2', 'EPM2A', 'SNF8', 'STAM', 'CHMP3']"
GO:0043086,"['PRKN', 'ABL1', 'TP53', 'LYN', 'VPS25', 'EPM2A']"
GO:0051050,"['PRKN', 'ABL1', 'PSEN1', 'SRC', 'INHBA', 'SNF8', 'STAM']"
GO:0030139,"['AMBRA1', 'LYN', 'BECN1', 'MCOLN1', 'MTOR', 'NOD1', 'PIK3C3']"
KEGG:04211,"['FOXO1', 'TP53', 'MTOR', 'RB1CC1']"
GO:0033365,"['TOLLIP', 'ABL1', 'SQSTM1', 'BECN1', 'SRC', 'VPS25', 'PIK3C3', 'OGT', 'EPM2A', 'STAM', 'PHB2', 'TP53', 'PSEN1', 'AP4M1', 'SNF8', 'PRKN', 'OPTN', 'VCP', 'VPS36', 'MTOR', 'PEX5']"
GO:0050896,"['TOLLIP', 'AMBRA1', 'ABL1', 'SQSTM1', 'LYN', 'BECN1', 'UBXN6', 'SRC', 'MARK2', 'ABI2', 'VPS25', 'UBQLN2', 'NOD1', 'PIK3C3', 'LGALS8', 'S100A9', 'NPC1', 'CHMP3', 'CLEC16A', 'OGT', 'EPM2A', 'PIP4K2B', 'STAM', 'FOXO1', 'STING1', 'PHB2', 'HMGB1', 'TP53', 'PSEN1', 'MAP1LC3C', 'ULK2', 'MCOLN1', 'INHBA', 'BNIP3', 'BCL2', 'DAP', 'CALCOCO2', 'MAPK3', 'PRKN', 'OPTN', 'VCP', 'RB1CC1', 'MTOR', 'ARSB', 'UBA5', 'ATG16L1', 'PEX5']"
HPA:0291161,"['TOLLIP', 'AMBRA1', 'ABL1', 'BECN1', 'UBXN6', 'UBQLN2', 'LGALS8', 'NPC1', 'TRAPPC4', 'CISD2', 'STAM', 'ATG3', 'PHB2', 'HMGB1', 'ULK2', 'BNIP3', 'SNF8', 'STX17', 'MAPK3', 'PRKN', 'OPTN', 'VCP', 'VPS36', 'ATG16L1', 'PEX5']"
GO:0097447,"['ABL1', 'BECN1', 'PSEN1', 'SRC', 'MARK2', 'ABI2', 'BNIP3', 'MTOR', 'EPM2A', 'TRAPPC4']"
GO:0006909,"['ABL1', 'HMGB1', 'LYN', 'BECN1', 'SRC', 'ATG3']"
GO:0005783,"['ATG9A', 'AMBRA1', 'SQSTM1', 'BECN1', 'ATG2A', 'ATG4B', 'NPC1', 'TRAPPC4', 'CISD2', 'EPM2A', 'PIP4K2B', 'STING1', 'HMGB1', 'TP53', 'PSEN1', 'BNIP3', 'BCL2', 'STX17', 'MAPK3', 'PRKN', 'VCP', 'RB1CC1', 'MTOR', 'ARSB', 'UBA5']"
GO:0045732,"['FOXO1', 'PRKN', 'PSEN1', 'VCP', 'SNF8']"
GO:0048518,"['TOLLIP', 'AMBRA1', 'ABL1', 'SQSTM1', 'LYN', 'BECN1', 'ATG2A', 'SRC', 'MARK2', 'ABI2', 'NOD1', 'S100A9', 'CHMP3', 'CLEC16A', 'OGT', 'EPM2A', 'PIP4K2B', 'STAM', 'FOXO1', 'STING1', 'PHB2', 'HMGB1', 'TP53', 'PSEN1', 'ULK2', 'MCOLN1', 'INHBA', 'BNIP3', 'BCL2', 'SNF8', 'CALCOCO2', 'MAPK3', 'PRKN', 'OPTN', 'VCP', 'RB1CC1', 'MTOR', 'ARSB', 'ATG16L1', 'PEX5']"
GO:0005819,['CHMP3']
GO:0048871,"['FOXO1', 'ABL1', 'HMGB1', 'SQSTM1', 'LYN', 'SRC', 'OGT', 'INHBA', 'UBA5', 'BCL2']"
GO:0005739,"['ATG9A', 'ABL1', 'AMBRA1', 'SQSTM1', 'LYN', 'BECN1', 'ATG4B', 'SRC', 'MARK2', 'CISD2', 'OGT', 'FOXO1', 'STING1', 'PHB2', 'TP53', 'PSEN1', 'BNIP3', 'BCL2', 'STX17', 'PRKN', 'MAPK3', 'MTOR', 'PEX5']"
GO:0043687,"['TOLLIP', 'PRKN', 'UBA5', 'ABL1', 'AMBRA1', 'SQSTM1', 'VCP', 'OGT', 'EPM2A', 'BCL2', 'ATG16L1', 'ATG3']"
GO:0061024,"['ATG9A', 'PRKN', 'TP53', 'BECN1', 'ATG2A', 'PEX5', 'VPS36', 'NPC1', 'VPS25', 'SNF8', 'BNIP3', 'PIP4K2B', 'STX17', 'BCL2', 'S100A9', 'STAM', 'TRAPPC4', 'CHMP3']"
GO:0000166,"['MAPK3', 'STING1', 'UBA5', 'ABL1', 'LYN', 'VCP', 'SRC', 'MARK2', 'ULK2', 'MTOR', 'PIP4K2B', 'NOD1', 'PIK3C3']"
GO:0016239,"['PRKN', 'STING1', 'MAPK3', 'AMBRA1', 'OPTN', 'ATG2A', 'BECN1', 'BNIP3', 'EPM2A', 'PIP4K2B', 'NOD1', 'CALCOCO2']"
WP:WP5426,"['PRKN', 'MAPK3', 'OPTN', 'SQSTM1', 'VCP', 'BCL2']"
HPA:0350472,"['TOLLIP', 'SQSTM1', 'ATG4B', 'UBXN6', 'MARK2', 'PIK3C3', 'LGALS8', 'NPC1', 'CHMP3', 'CLEC16A', 'CISD2', 'OGT', 'STAM', 'ATG3', 'STING1', 'PHB2', 'HMGB1', 'PSEN1', 'AP4M1', 'ULK2', 'BNIP3', 'SNF8', 'STX17', 'MAPK3', 'OPTN', 'VPS36', 'MTOR', 'ARSB', 'UBA5', 'ATG16L1', 'PEX5']"
GO:0023057,"['ABL1', 'SQSTM1', 'LYN', 'SRC', 'VPS25', 'UBQLN2', 'NPC1', 'OGT', 'PIP4K2B', 'FOXO1', 'PHB2', 'TP53', 'PSEN1', 'INHBA', 'BCL2', 'PRKN', 'MAPK3', 'OPTN', 'VCP', 'RB1CC1', 'MTOR']"
GO:0098588,"['ATG9A', 'AMBRA1', 'LYN', 'BECN1', 'ATG4B', 'UBXN6', 'VPS25', 'PIK3C3', 'TRAPPC4', 'NPC1', 'CHMP3', 'CLEC16A', 'CISD2', 'EPM2A', 'STAM', 'STING1', 'PHB2', 'PSEN1', 'MAP1LC3C', 'MCOLN1', 'BNIP3', 'BCL2', 'SNF8', 'STX17', 'CALCOCO2', 'PRKN', 'OPTN', 'VPS36', 'RB1CC1', 'MTOR', 'ATG16L1', 'PEX5']"
GO:0070201,"['FOXO1', 'PRKN', 'PSEN1', 'SRC', 'EPM2A']"
HPA:0400000,"['TOLLIP', 'AMBRA1', 'ABL1', 'SQSTM1', 'LYN', 'BECN1', 'ATG4B', 'UBXN6', 'SRC', 'MARK2', 'ABI2', 'UBQLN2', 'PIK3C3', 'LGALS8', 'TRAPPC4', 'NPC1', 'CHMP3', 'CLEC16A', 'CISD2', 'OGT', 'STAM', 'ATG3', 'FOXO1', 'STING1', 'PHB2', 'HMGB1', 'TP53', 'PSEN1', 'AP4M1', 'ULK2', 'BNIP3', 'BCL2', 'SNF8', 'STX17', 'CALCOCO2', 'MAPK3', 'PRKN', 'OPTN', 'VCP', 'VPS36', 'RB1CC1', 'MTOR', 'ARSB', 'UBA5', 'ATG16L1', 'PEX5']"
GO:0045202,"['PRKN', 'MAPK3', 'ABL1', 'PHB2', 'LYN', 'PSEN1', 'VCP', 'SRC', 'OGT', 'ABI2', 'BNIP3', 'TRAPPC4']"
GO:0006508,"['TOLLIP', 'AMBRA1', 'SQSTM1', 'LYN', 'ATG4B', 'UBXN6', 'SRC', 'VPS25', 'UBQLN2', 'CHMP3', 'OGT', 'EPM2A', 'STAM', 'TP53', 'PSEN1', 'SNF8', 'PRKN', 'VCP', 'VPS36']"
HPA:0530711,"['ABL1', 'SQSTM1', 'LYN', 'BECN1', 'UBXN6', 'SRC', 'MARK2', 'UBQLN2', 'PIK3C3', 'LGALS8', 'S100A9', 'NPC1', 'CHMP3', 'CISD2', 'OGT', 'ATG3', 'FOXO1', 'STING1', 'PHB2', 'HMGB1', 'PSEN1', 'ULK2', 'BNIP3', 'BCL2', 'SNF8', 'STX17', 'MAPK3', 'OPTN', 'VCP', 'VPS36', 'MTOR', 'ARSB', 'PEX5']"
REAC:R-HSA-5663205,"['MAPK3', 'STING1', 'ABL1', 'LYN', 'BECN1', 'VCP', 'SRC', 'VPS36', 'ABI2', 'VPS25', 'SNF8', 'NOD1', 'PIK3C3', 'STAM', 'CHMP3']"
GO:0034504,"['PHB2', 'SQSTM1', 'TP53', 'PSEN1', 'SRC', 'MTOR', 'EPM2A']"
GO:0030099,"['LYN', 'PSEN1', 'SRC', 'INHBA', 'MTOR', 'UBA5']"
GO:0043067,"['AMBRA1', 'ABL1', 'SQSTM1', 'LYN', 'BECN1', 'SRC', 'NOD1', 'S100A9', 'NPC1', 'OGT', 'FOXO1', 'HMGB1', 'PHB2', 'TP53', 'PSEN1', 'INHBA', 'BNIP3', 'BCL2', 'PRKN', 'VCP', 'RB1CC1', 'MTOR']"
GO:0016020,"['ATG9A', 'TOLLIP', 'AMBRA1', 'ABL1', 'LYN', 'BECN1', 'ATG2A', 'ATG4B', 'SRC', 'UBXN6', 'MARK2', 'VPS25', 'UBQLN2', 'NOD1', 'PIK3C3', 'LGALS8', 'S100A9', 'TRAPPC4', 'NPC1', 'CHMP3', 'CLEC16A', 'CISD2', 'OGT', 'EPM2A', 'PIP4K2B', 'STAM', 'STING1', 'PHB2', 'HMGB1', 'TP53', 'PSEN1', 'AP4M1', 'MAP1LC3C', 'ULK2', 'MCOLN1', 'BNIP3', 'BCL2', 'SNF8', 'STX17', 'CALCOCO2', 'MAPK3', 'PRKN', 'OPTN', 'VCP', 'VPS36', 'RB1CC1', 'MTOR', 'UBA5', 'ATG16L1', 'PEX5']"
GO:0008637,"['PRKN', 'TP53', 'BNIP3', 'BCL2', 'ATG3']"
GO:0006979,"['FOXO1', 'PRKN', 'MAPK3', 'ABL1', 'TP53', 'BECN1', 'PSEN1', 'SRC', 'BNIP3', 'BCL2', 'PEX5']"
GO:0043168,"['MAPK3', 'STING1', 'UBA5', 'ABL1', 'LYN', 'VCP', 'SRC', 'OGT', 'MARK2', 'ULK2', 'MTOR', 'PIP4K2B', 'NOD1', 'PIK3C3', 'S100A9', 'CHMP3']"
GO:0000779,"['PSEN1', 'CHMP3']"
GO:0010657,"['FOXO1', 'TP53', 'AMBRA1', 'BNIP3']"
GO:0098562,"['EPM2A', 'LYN', 'BECN1', 'SRC']"
GO:0010508,"['FOXO1', 'STING1', 'PRKN', 'AMBRA1', 'MAPK3', 'HMGB1', 'SQSTM1', 'OPTN', 'ATG2A', 'BECN1', 'RB1CC1', 'ULK2', 'BNIP3', 'NOD1', 'PIP4K2B', 'EPM2A', 'ATG16L1', 'CALCOCO2']"
GO:0033554,"['AMBRA1', 'ABL1', 'SQSTM1', 'LYN', 'BECN1', 'UBXN6', 'SRC', 'NOD1', 'PIK3C3', 'CLEC16A', 'FOXO1', 'PHB2', 'HMGB1', 'TP53', 'PSEN1', 'MAP1LC3C', 'INHBA', 'BNIP3', 'BCL2', 'DAP', 'MAPK3', 'PRKN', 'OPTN', 'VCP', 'MTOR', 'UBA5', 'PEX5']"
GO:0044092,"['PRKN', 'ABL1', 'PHB2', 'TP53', 'LYN', 'PSEN1', 'VPS25', 'EPM2A', 'DAP']"
GO:0000776,"['PSEN1', 'CHMP3']"
GO:0043025,"['EPM2A', 'ABL1', 'PSEN1', 'SRC']"
HP:5200423,"['PRKN', 'OPTN', 'SQSTM1', 'TP53', 'PSEN1', 'CISD2', 'VCP', 'UBQLN2', 'EPM2A', 'NPC1']"
GO:0044093,"['PRKN', 'STING1', 'MAPK3', 'ABL1', 'HMGB1', 'PHB2', 'LYN', 'PSEN1', 'VCP', 'SRC', 'MARK2', 'NOD1', 'S100A9']"
GO:0021782,"['MAPK3', 'LYN', 'PSEN1', 'S100A9']"
WP:WP710,"['ABL1', 'HMGB1', 'TP53', 'BCL2', 'PIK3C3']"
GO:0031625,"['TOLLIP', 'FOXO1', 'STING1', 'AMBRA1', 'PRKN', 'SQSTM1', 'TP53', 'LYN', 'BECN1', 'VCP', 'ABI2', 'MAP1LC3C', 'BCL2']"
GO:0045087,"['TOLLIP', 'STING1', 'HMGB1', 'SQSTM1', 'PHB2', 'OPTN', 'TP53', 'LYN', 'BECN1', 'SRC', 'NOD1', 'S100A9', 'CALCOCO2']"
GO:0010564,"['AMBRA1', 'PHB2', 'TP53', 'LYN', 'BECN1', 'INHBA', 'BCL2', 'PIK3C3', 'CHMP3']"
GO:0009056,"['ATG9A', 'TOLLIP', 'AMBRA1', 'ABL1', 'SQSTM1', 'BECN1', 'ATG2A', 'ATG4B', 'UBXN6', 'SRC', 'MARK2', 'VPS25', 'UBQLN2', 'NOD1', 'PIK3C3', 'S100A9', 'LGALS8', 'TRAPPC4', 'CHMP3', 'NPC1', 'CLEC16A', 'CISD2', 'OGT', 'EPM2A', 'PIP4K2B', 'STAM', 'ATG3', 'FOXO1', 'STING1', 'HMGB1', 'PHB2', 'TP53', 'PSEN1', 'AP4M1', 'MAP1LC3C', 'ULK2', 'MCOLN1', 'BNIP3', 'INHBA', 'SNF8', 'BCL2', 'DAP', 'STX17', 'CALCOCO2', 'MAPK3', 'PRKN', 'OPTN', 'VCP', 'VPS36', 'RB1CC1', 'MTOR', 'ARSB', 'UBA5', 'ATG16L1', 'PEX5']"
GO:0032006,"['MAPK3', 'CLEC16A', 'SRC', 'OGT', 'NPC1']"
GO:0098796,"['STING1', 'HMGB1', 'PHB2', 'LYN', 'BECN1', 'AP4M1', 'PSEN1', 'VCP', 'VPS36', 'VPS25', 'BCL2', 'SNF8', 'PIK3C3', 'S100A9', 'STX17', 'CHMP3']"
HPA:0360051,"['TOLLIP', 'AMBRA1', 'ABL1', 'SQSTM1', 'BECN1', 'UBXN6', 'MARK2', 'ABI2', 'UBQLN2', 'PIK3C3', 'LGALS8', 'TRAPPC4', 'NPC1', 'CHMP3', 'CLEC16A', 'CISD2', 'OGT', 'STAM', 'ATG3', 'FOXO1', 'PHB2', 'HMGB1', 'PSEN1', 'AP4M1', 'ULK2', 'BNIP3', 'BCL2', 'SNF8', 'STX17', 'CALCOCO2', 'MAPK3', 'PRKN', 'OPTN', 'VCP', 'VPS36', 'RB1CC1', 'MTOR', 'ARSB', 'UBA5', 'ATG16L1', 'PEX5']"
GO:0010638,"['PRKN', 'MAPK3', 'ABL1', 'TP53', 'ATG2A', 'BECN1', 'SRC', 'ABI2', 'MCOLN1', 'BNIP3', 'MTOR', 'PIP4K2B', 'CALCOCO2']"
GO:0051129,"['PRKN', 'HMGB1', 'CLEC16A', 'BECN1', 'TP53', 'PSEN1', 'SRC', 'ULK2', 'BNIP3', 'MTOR', 'UBQLN2', 'PEX5', 'ATG3']"
GO:0002020,"['PRKN', 'TP53', 'VCP', 'BCL2', 'CHMP3']"
GO:0048519,"['AMBRA1', 'ABL1', 'SQSTM1', 'LYN', 'BECN1', 'SRC', 'VPS25', 'UBQLN2', 'NPC1', 'CLEC16A', 'OGT', 'EPM2A', 'PIP4K2B', 'ATG3', 'FOXO1', 'PHB2', 'HMGB1', 'TP53', 'PSEN1', 'ULK2', 'MCOLN1', 'INHBA', 'BNIP3', 'BCL2', 'DAP', 'MAPK3', 'PRKN', 'OPTN', 'VCP', 'RB1CC1', 'MTOR', 'PEX5']"
GO:0031399,"['TOLLIP', 'PRKN', 'ABL1', 'PHB2', 'SQSTM1', 'TP53', 'LYN', 'PSEN1', 'VCP', 'SRC', 'OGT', 'MARK2', 'RB1CC1', 'INHBA', 'VPS25', 'MTOR', 'EPM2A', 'BCL2']"
GO:0006511,"['TOLLIP', 'PRKN', 'AMBRA1', 'SQSTM1', 'PSEN1', 'VCP', 'VPS36', 'OGT', 'VPS25', 'UBQLN2', 'EPM2A', 'SNF8', 'STAM', 'CHMP3']"
GO:0019222,"['TOLLIP', 'AMBRA1', 'ABL1', 'SQSTM1', 'LYN', 'BECN1', 'ATG2A', 'SRC', 'MARK2', 'VPS25', 'UBQLN2', 'NOD1', 'PIK3C3', 'S100A9', 'NPC1', 'CLEC16A', 'CISD2', 'OGT', 'EPM2A', 'PIP4K2B', 'FOXO1', 'STING1', 'PHB2', 'HMGB1', 'TP53', 'PSEN1', 'ULK2', 'INHBA', 'BNIP3', 'BCL2', 'DAP', 'SNF8', 'CALCOCO2', 'MAPK3', 'PRKN', 'OPTN', 'VCP', 'RB1CC1', 'MTOR', 'ATG16L1']"
GO:0032886,"['MARK2', 'ABL1', 'CHMP3']"
GO:0032880,"['FOXO1', 'PRKN', 'SQSTM1', 'PSEN1', 'VCP', 'SRC', 'OGT', 'MTOR', 'EPM2A', 'BCL2']"
REAC:R-HSA-168256,"['TOLLIP', 'ABL1', 'SQSTM1', 'LYN', 'BECN1', 'SRC', 'ABI2', 'NOD1', 'PIK3C3', 'S100A9', 'FOXO1', 'STING1', 'HMGB1', 'TP53', 'PSEN1', 'BCL2', 'PRKN', 'MAPK3', 'VCP', 'MTOR', 'ARSB', 'UBA5']"
GO:0045861,"['OGT', 'TP53', 'PSEN1']"
GO:0065007,"['ATG9A', 'TOLLIP', 'AMBRA1', 'ABL1', 'SQSTM1', 'LYN', 'BECN1', 'ATG2A', 'SRC', 'MARK2', 'ABI2', 'VPS25', 'UBQLN2', 'NOD1', 'PIK3C3', 'S100A9', 'NPC1', 'CHMP3', 'CLEC16A', 'CISD2', 'OGT', 'EPM2A', 'PIP4K2B', 'STAM', 'ATG3', 'FOXO1', 'STING1', 'PHB2', 'HMGB1', 'TP53', 'PSEN1', 'ULK2', 'MCOLN1', 'INHBA', 'BNIP3', 'BCL2', 'DAP', 'SNF8', 'CALCOCO2', 'MAPK3', 'PRKN', 'OPTN', 'VCP', 'RB1CC1', 'MTOR', 'ARSB', 'UBA5', 'ATG16L1', 'PEX5']"
GO:0016241,"['PRKN', 'STING1', 'MAPK3', 'AMBRA1', 'OPTN', 'CLEC16A', 'ATG2A', 'BECN1', 'TP53', 'BNIP3', 'MTOR', 'UBQLN2', 'PIP4K2B', 'NOD1', 'PIK3C3', 'EPM2A', 'NPC1', 'CALCOCO2']"
GO:0031667,"['FOXO1', 'MAPK3', 'AMBRA1', 'CLEC16A', 'BECN1', 'TP53', 'SRC', 'OGT', 'MAP1LC3C', 'ULK2', 'INHBA', 'BNIP3', 'BCL2', 'MTOR', 'ARSB', 'DAP', 'PIK3C3']"
GO:0002376,"['TOLLIP', 'AMBRA1', 'ABL1', 'SQSTM1', 'LYN', 'BECN1', 'SRC', 'NOD1', 'S100A9', 'STING1', 'PHB2', 'HMGB1', 'TP53', 'PSEN1', 'MCOLN1', 'INHBA', 'BCL2', 'CALCOCO2', 'MAPK3', 'OPTN', 'MTOR', 'UBA5']"
GO:0019220,"['PRKN', 'ABL1', 'PHB2', 'SQSTM1', 'TP53', 'LYN', 'PSEN1', 'VCP', 'SRC', 'OGT', 'MARK2', 'RB1CC1', 'INHBA', 'VPS25', 'MTOR', 'EPM2A', 'BCL2']"
GO:0042803,"['UBA5', 'STING1', 'PHB2', 'CISD2', 'VPS25', 'BNIP3', 'BCL2', 'SNF8', 'NOD1', 'PIP4K2B', 'EPM2A', 'CALCOCO2']"
GO:1903047,"['AMBRA1', 'PHB2', 'TP53', 'BECN1', 'VCP', 'INHBA', 'BCL2', 'CHMP3']"
GO:0005770,"['ATG9A', 'MAPK3', 'SQSTM1', 'CLEC16A', 'UBXN6', 'SRC', 'VPS36', 'MCOLN1', 'SNF8', 'PIK3C3', 'NPC1', 'CHMP3']"
HPA:0300411,"['TOLLIP', 'AMBRA1', 'SQSTM1', 'LYN', 'BECN1', 'ATG4B', 'UBXN6', 'UBQLN2', 'PIK3C3', 'LGALS8', 'S100A9', 'NPC1', 'CHMP3', 'CLEC16A', 'CISD2', 'OGT', 'STAM', 'ATG3', 'FOXO1', 'STING1', 'PHB2', 'HMGB1', 'PSEN1', 'AP4M1', 'ULK2', 'BNIP3', 'SNF8', 'STX17', 'CALCOCO2', 'MAPK3', 'PRKN', 'OPTN', 'VCP', 'VPS36', 'RB1CC1', 'MTOR', 'ARSB', 'ATG16L1', 'PEX5']"
HP:0000759,"['SQSTM1', 'TP53', 'VCP', 'PSEN1', 'UBQLN2']"
KEGG:03250,[]
GO:0001932,"['PRKN', 'ABL1', 'PHB2', 'SQSTM1', 'TP53', 'LYN', 'PSEN1', 'SRC', 'RB1CC1', 'MARK2', 'INHBA', 'VPS25', 'MTOR', 'EPM2A', 'BCL2']"
GO:0009968,"['ABL1', 'SQSTM1', 'LYN', 'SRC', 'VPS25', 'UBQLN2', 'NPC1', 'OGT', 'PIP4K2B', 'FOXO1', 'PHB2', 'TP53', 'PSEN1', 'BCL2', 'PRKN', 'MAPK3', 'OPTN', 'VCP', 'RB1CC1', 'MTOR']"
GO:0007249,"['PRKN', 'ABL1', 'OPTN', 'SQSTM1', 'NOD1']"
GO:0042542,"['ABL1', 'BECN1', 'SRC', 'BNIP3', 'BCL2']"
GO:0046907,"['SQSTM1', 'BECN1', 'UBXN6', 'SRC', 'VPS25', 'PIK3C3', 'NPC1', 'TRAPPC4', 'CHMP3', 'CLEC16A', 'EPM2A', 'STAM', 'PHB2', 'TP53', 'PSEN1', 'AP4M1', 'MAP1LC3C', 'SNF8', 'STX17', 'MAPK3', 'PRKN', 'VCP', 'VPS36', 'ARSB', 'PEX5']"
GO:0002220,"['LYN', 'SQSTM1', 'SRC']"
GO:0030674,"['PRKN', 'STING1', 'AMBRA1', 'ABL1', 'HMGB1', 'SQSTM1', 'OPTN', 'BECN1', 'VCP', 'RB1CC1', 'ABI2', 'UBQLN2', 'ATG16L1', 'STX17']"
GO:0051047,"['SNF8', 'INHBA', 'STAM']"
GO:0008092,"['PRKN', 'ABL1', 'LYN', 'MARK2', 'S100A9']"
GO:0040008,"['PRKN', 'ABL1', 'TP53', 'ULK2', 'INHBA', 'MTOR', 'EPM2A', 'BCL2', 'S100A9', 'PEX5']"
GO:0051881,"['PRKN', 'ABL1', 'VCP', 'SRC', 'BNIP3', 'BCL2']"
GO:0044297,"['EPM2A', 'ABL1', 'PSEN1', 'SRC']"
GO:0031648,"['PRKN', 'MTOR', 'SRC']"
HPA:0220000,"['TOLLIP', 'AMBRA1', 'ABL1', 'SQSTM1', 'LYN', 'BECN1', 'ATG4B', 'UBXN6', 'SRC', 'MARK2', 'ABI2', 'UBQLN2', 'PIK3C3', 'LGALS8', 'TRAPPC4', 'NPC1', 'CHMP3', 'CLEC16A', 'CISD2', 'OGT', 'STAM', 'ATG3', 'FOXO1', 'STING1', 'PHB2', 'HMGB1', 'PSEN1', 'AP4M1', 'ULK2', 'BNIP3', 'BCL2', 'SNF8', 'STX17', 'CALCOCO2', 'MAPK3', 'PRKN', 'OPTN', 'VCP', 'VPS36', 'RB1CC1', 'MTOR', 'ARSB', 'UBA5', 'ATG16L1', 'PEX5']"
HPA:0620221,"['TOLLIP', 'ABL1', 'SQSTM1', 'ATG4B', 'UBXN6', 'SRC', 'MARK2', 'ABI2', 'UBQLN2', 'PIK3C3', 'LGALS8', 'S100A9', 'NPC1', 'CHMP3', 'OGT', 'STAM', 'ATG3', 'STING1', 'PHB2', 'HMGB1', 'PSEN1', 'ULK2', 'BNIP3', 'BCL2', 'SNF8', 'STX17', 'MAPK3', 'OPTN', 'VCP', 'VPS36', 'MTOR', 'ARSB', 'ATG16L1', 'PEX5']"
GO:0015031,"['SQSTM1', 'BECN1', 'ATG4B', 'SRC', 'VPS25', 'PIK3C3', 'CHMP3', 'EPM2A', 'STAM', 'ATG3', 'FOXO1', 'PHB2', 'TP53', 'PSEN1', 'AP4M1', 'MAP1LC3C', 'MCOLN1', 'SNF8', 'STX17', 'PRKN', 'OPTN', 'VCP', 'VPS36', 'ATG16L1', 'PEX5']"
GO:0048468,"['AMBRA1', 'ABL1', 'LYN', 'BECN1', 'SRC', 'MARK2', 'ABI2', 'S100A9', 'TRAPPC4', 'OGT', 'HMGB1', 'TP53', 'PSEN1', 'ULK2', 'INHBA', 'BCL2', 'MAPK3', 'PRKN', 'MTOR', 'ARSB', 'UBA5', 'PEX5']"
GO:0046777,"['MAPK3', 'ABL1', 'LYN', 'SRC', 'MARK2', 'ULK2', 'MTOR']"
GO:0007059,"['BECN1', 'CHMP3']"
GO:0016310,"['TOLLIP', 'ABL1', 'SQSTM1', 'LYN', 'SRC', 'MARK2', 'ABI2', 'VPS25', 'PIK3C3', 'EPM2A', 'PIP4K2B', 'PHB2', 'TP53', 'PSEN1', 'ULK2', 'INHBA', 'BCL2', 'PRKN', 'MAPK3', 'RB1CC1', 'MTOR']"
GO:1902911,"['STING1', 'RB1CC1']"
GO:0034614,"['MAPK3', 'ABL1', 'BECN1', 'SRC', 'BNIP3', 'PEX5']"
GO:0005515,"['ATG9A', 'TOLLIP', 'AMBRA1', 'ABL1', 'SQSTM1', 'LYN', 'BECN1', 'ATG4B', 'ATG2A', 'SRC', 'UBXN6', 'MARK2', 'ABI2', 'VPS25', 'UBQLN2', 'NOD1', 'PIK3C3', 'LGALS8', 'S100A9', 'TRAPPC4', 'NPC1', 'CHMP3', 'CISD2', 'OGT', 'EPM2A', 'PIP4K2B', 'STAM', 'ATG3', 'FOXO1', 'STING1', 'PHB2', 'HMGB1', 'TP53', 'PSEN1', 'AP4M1', 'MAP1LC3C', 'ULK2', 'MCOLN1', 'INHBA', 'BNIP3', 'BCL2', 'DAP', 'SNF8', 'STX17', 'CALCOCO2', 'MAPK3', 'PRKN', 'OPTN', 'VCP', 'VPS36', 'RB1CC1', 'MTOR', 'UBA5', 'ATG16L1', 'PEX5']"
GO:0016236,"['ATG9A', 'AMBRA1', 'SQSTM1', 'BECN1', 'ATG2A', 'ATG4B', 'UBXN6', 'SRC', 'VPS25', 'UBQLN2', 'NOD1', 'PIK3C3', 'LGALS8', 'NPC1', 'CHMP3', 'CLEC16A', 'OGT', 'EPM2A', 'PIP4K2B', 'STAM', 'ATG3', 'STING1', 'PHB2', 'TP53', 'PSEN1', 'AP4M1', 'MAP1LC3C', 'ULK2', 'MCOLN1', 'BNIP3', 'SNF8', 'STX17', 'CALCOCO2', 'PRKN', 'MAPK3', 'OPTN', 'VCP', 'VPS36', 'RB1CC1', 'MTOR', 'UBA5', 'ATG16L1', 'PEX5']"
GO:0030496,"['PIK3C3', 'CHMP3']"
GO:0008152,"['ATG9A', 'TOLLIP', 'AMBRA1', 'ABL1', 'SQSTM1', 'LYN', 'BECN1', 'ATG4B', 'ATG2A', 'SRC', 'UBXN6', 'MARK2', 'ABI2', 'VPS25', 'UBQLN2', 'NOD1', 'PIK3C3', 'S100A9', 'LGALS8', 'TRAPPC4', 'CHMP3', 'NPC1', 'CLEC16A', 'CISD2', 'OGT', 'EPM2A', 'PIP4K2B', 'STAM', 'ATG3', 'FOXO1', 'STING1', 'HMGB1', 'PHB2', 'TP53', 'PSEN1', 'AP4M1', 'MAP1LC3C', 'ULK2', 'MCOLN1', 'BNIP3', 'INHBA', 'SNF8', 'BCL2', 'DAP', 'STX17', 'CALCOCO2', 'MAPK3', 'PRKN', 'OPTN', 'VCP', 'VPS36', 'RB1CC1', 'MTOR', 'ARSB', 'UBA5', 'ATG16L1', 'PEX5']"
GO:0051098,"['PRKN', 'STING1', 'ABL1', 'HMGB1', 'PSEN1', 'MARK2']"
GO:0002682,"['MAPK3', 'STING1', 'AMBRA1', 'ABL1', 'HMGB1', 'SQSTM1', 'PHB2', 'LYN', 'BECN1', 'PSEN1', 'SRC', 'INHBA', 'MTOR', 'NOD1', 'BCL2', 'S100A9']"
GO:0060090,"['TOLLIP', 'STING1', 'PRKN', 'ABL1', 'AMBRA1', 'HMGB1', 'SQSTM1', 'OPTN', 'BECN1', 'VCP', 'RB1CC1', 'ABI2', 'UBQLN2', 'BCL2', 'ATG16L1', 'STX17']"
GO:0006873,"['MAPK3', 'ABL1', 'LYN', 'PSEN1', 'MCOLN1', 'BNIP3', 'BCL2', 'S100A9']"
GO:0043227,"['ATG9A', 'TOLLIP', 'AMBRA1', 'ABL1', 'SQSTM1', 'LYN', 'BECN1', 'ATG4B', 'ATG2A', 'SRC', 'UBXN6', 'MARK2', 'ABI2', 'VPS25', 'UBQLN2', 'NOD1', 'PIK3C3', 'LGALS8', 'S100A9', 'TRAPPC4', 'NPC1', 'CHMP3', 'CLEC16A', 'CISD2', 'OGT', 'EPM2A', 'PIP4K2B', 'STAM', 'FOXO1', 'STING1', 'PHB2', 'HMGB1', 'TP53', 'PSEN1', 'AP4M1', 'MAP1LC3C', 'ULK2', 'MCOLN1', 'BNIP3', 'BCL2', 'SNF8', 'STX17', 'CALCOCO2', 'MAPK3', 'PRKN', 'OPTN', 'VCP', 'VPS36', 'RB1CC1', 'MTOR', 'ARSB', 'UBA5', 'ATG16L1', 'PEX5']"
HPA:0020052,"['TOLLIP', 'ABL1', 'SQSTM1', 'BECN1', 'UBXN6', 'SRC', 'ABI2', 'UBQLN2', 'PIK3C3', 'LGALS8', 'TRAPPC4', 'NPC1', 'CHMP3', 'CLEC16A', 'CISD2', 'OGT', 'STAM', 'ATG3', 'PHB2', 'HMGB1', 'PSEN1', 'BNIP3', 'SNF8', 'STX17', 'MAPK3', 'PRKN', 'OPTN', 'VCP', 'VPS36', 'RB1CC1', 'MTOR', 'ARSB', 'UBA5', 'ATG16L1', 'PEX5']"
HPA:0170052,"['ABL1', 'SQSTM1', 'BECN1', 'UBQLN2', 'PIK3C3', 'LGALS8', 'CHMP3', 'CLEC16A', 'CISD2', 'STAM', 'ATG3', 'PHB2', 'HMGB1', 'PSEN1', 'BNIP3', 'BCL2', 'SNF8', 'STX17', 'CALCOCO2', 'MAPK3', 'PRKN', 'OPTN', 'VCP', 'VPS36', 'RB1CC1', 'UBA5', 'ATG16L1', 'PEX5']"
GO:1901875,"['PRKN', 'VCP', 'TOLLIP']"
GO:0005622,"['ATG9A', 'TOLLIP', 'AMBRA1', 'ABL1', 'SQSTM1', 'LYN', 'BECN1', 'ATG4B', 'ATG2A', 'SRC', 'UBXN6', 'MARK2', 'ABI2', 'VPS25', 'UBQLN2', 'NOD1', 'PIK3C3', 'S100A9', 'LGALS8', 'TRAPPC4', 'CHMP3', 'NPC1', 'CLEC16A', 'CISD2', 'OGT', 'EPM2A', 'PIP4K2B', 'STAM', 'ATG3', 'FOXO1', 'STING1', 'HMGB1', 'PHB2', 'TP53', 'PSEN1', 'AP4M1', 'MAP1LC3C', 'ULK2', 'MCOLN1', 'BNIP3', 'INHBA', 'SNF8', 'BCL2', 'STX17', 'CALCOCO2', 'MAPK3', 'PRKN', 'OPTN', 'VCP', 'VPS36', 'RB1CC1', 'MTOR', 'ARSB', 'UBA5', 'ATG16L1', 'PEX5']"
GO:0051649,"['ABL1', 'SQSTM1', 'LYN', 'BECN1', 'UBXN6', 'SRC', 'VPS25', 'PIK3C3', 'NPC1', 'TRAPPC4', 'CHMP3', 'CLEC16A', 'EPM2A', 'STAM', 'PHB2', 'TP53', 'PSEN1', 'AP4M1', 'MAP1LC3C', 'BCL2', 'SNF8', 'STX17', 'MAPK3', 'PRKN', 'VCP', 'VPS36', 'ARSB', 'PEX5']"
GO:0030100,"['PRKN', 'ABL1', 'HMGB1', 'SRC', 'UBQLN2', 'ATG3']"
GO:0019538,"['TOLLIP', 'AMBRA1', 'ABL1', 'SQSTM1', 'LYN', 'ATG4B', 'UBXN6', 'SRC', 'MARK2', 'ABI2', 'VPS25', 'UBQLN2', 'PIK3C3', 'S100A9', 'NPC1', 'CHMP3', 'OGT', 'EPM2A', 'STAM', 'ATG3', 'FOXO1', 'PHB2', 'TP53', 'PSEN1', 'ULK2', 'INHBA', 'BNIP3', 'BCL2', 'DAP', 'SNF8', 'MAPK3', 'PRKN', 'VCP', 'VPS36', 'RB1CC1', 'MTOR', 'UBA5', 'ATG16L1']"
GO:0005764,"['TOLLIP', 'SQSTM1', 'CLEC16A', 'LYN', 'PSEN1', 'VCP', 'UBXN6', 'SRC', 'VPS36', 'RB1CC1', 'MCOLN1', 'MTOR', 'ARSB', 'PIK3C3', 'ATG16L1', 'NPC1', 'CHMP3']"
GO:0141124,"['AMBRA1', 'ABL1', 'SQSTM1', 'LYN', 'BECN1', 'SRC', 'ABI2', 'NOD1', 'OGT', 'FOXO1', 'HMGB1', 'PHB2', 'TP53', 'INHBA', 'MCOLN1', 'PRKN', 'MAPK3', 'OPTN', 'VCP', 'RB1CC1', 'MTOR']"
GO:0016567,"['PRKN', 'AMBRA1', 'ABL1', 'SQSTM1', 'VCP', 'OGT', 'EPM2A', 'BCL2', 'ATG3']"
GO:0012501,"['ATG9A', 'AMBRA1', 'ABL1', 'SQSTM1', 'LYN', 'BECN1', 'SRC', 'NOD1', 'S100A9', 'NPC1', 'CHMP3', 'OGT', 'ATG3', 'FOXO1', 'PHB2', 'HMGB1', 'TP53', 'PSEN1', 'INHBA', 'BNIP3', 'BCL2', 'DAP', 'MAPK3', 'PRKN', 'VCP', 'RB1CC1', 'MTOR']"
GO:0071705,"['SQSTM1', 'LYN', 'BECN1', 'ATG4B', 'SRC', 'VPS25', 'PIK3C3', 'CHMP3', 'EPM2A', 'STAM', 'ATG3', 'FOXO1', 'PHB2', 'TP53', 'PSEN1', 'AP4M1', 'MAP1LC3C', 'MCOLN1', 'SNF8', 'STX17', 'PRKN', 'OPTN', 'VCP', 'VPS36', 'ATG16L1', 'PEX5']"
GO:0010001,"['MAPK3', 'ABL1', 'LYN', 'PSEN1', 'MTOR', 'BNIP3', 'S100A9']"
GO:0006109,"['PRKN', 'FOXO1', 'TP53', 'PSEN1', 'SRC', 'OGT', 'MTOR']"
GO:0030163,"['TOLLIP', 'PRKN', 'FOXO1', 'AMBRA1', 'SQSTM1', 'PSEN1', 'VCP', 'UBXN6', 'VPS36', 'OGT', 'MTOR', 'VPS25', 'UBQLN2', 'BNIP3', 'EPM2A', 'SNF8', 'STAM', 'CHMP3']"
GO:0033146,"['UBA5', 'PHB2', 'SRC']"
GO:0048771,"['TP53', 'SRC']"
HPA:0190221,"['TOLLIP', 'ABL1', 'SQSTM1', 'UBXN6', 'SRC', 'MARK2', 'ABI2', 'UBQLN2', 'PIK3C3', 'LGALS8', 'S100A9', 'TRAPPC4', 'NPC1', 'CHMP3', 'CLEC16A', 'CISD2', 'OGT', 'STAM', 'ATG3', 'FOXO1', 'STING1', 'PHB2', 'HMGB1', 'TP53', 'PSEN1', 'ULK2', 'BNIP3', 'BCL2', 'SNF8', 'CALCOCO2', 'MAPK3', 'OPTN', 'VCP', 'VPS36', 'RB1CC1', 'MTOR', 'ARSB', 'UBA5', 'ATG16L1', 'PEX5']"
GO:0048285,"['PRKN', 'PHB2', 'BECN1', 'BNIP3', 'CHMP3']"
GO:0032879,"['ABL1', 'SQSTM1', 'LYN', 'BECN1', 'SRC', 'UBQLN2', 'CHMP3', 'OGT', 'EPM2A', 'STAM', 'ATG3', 'FOXO1', 'PHB2', 'HMGB1', 'PSEN1', 'MCOLN1', 'INHBA', 'BCL2', 'SNF8', 'MAPK3', 'PRKN', 'VCP', 'MTOR']"
GO:1901873,"['TOLLIP', 'PRKN', 'ABL1', 'SQSTM1', 'VCP', 'OGT', 'EPM2A']"
HPA:0490000,"['AMBRA1', 'ABL1', 'SQSTM1', 'BECN1', 'UBXN6', 'SRC', 'UBQLN2', 'PIK3C3', 'NPC1', 'CHMP3', 'CISD2', 'OGT', 'STAM', 'ATG3', 'FOXO1', 'PHB2', 'HMGB1', 'PSEN1', 'ULK2', 'BNIP3', 'BCL2', 'STX17', 'CALCOCO2', 'MAPK3', 'PRKN', 'OPTN', 'VCP', 'VPS36', 'RB1CC1', 'ARSB', 'UBA5', 'ATG16L1', 'PEX5']"
HPA:0190000,"['TOLLIP', 'ABL1', 'SQSTM1', 'UBXN6', 'SRC', 'MARK2', 'ABI2', 'UBQLN2', 'PIK3C3', 'LGALS8', 'S100A9', 'TRAPPC4', 'NPC1', 'CHMP3', 'CLEC16A', 'CISD2', 'OGT', 'STAM', 'ATG3', 'FOXO1', 'STING1', 'PHB2', 'HMGB1', 'TP53', 'PSEN1', 'ULK2', 'BNIP3', 'BCL2', 'SNF8', 'CALCOCO2', 'MAPK3', 'OPTN', 'VCP', 'VPS36', 'RB1CC1', 'MTOR', 'ARSB', 'UBA5', 'ATG16L1', 'PEX5']"
GO:0023052,"['TOLLIP', 'AMBRA1', 'ABL1', 'SQSTM1', 'LYN', 'BECN1', 'SRC', 'MARK2', 'ABI2', 'VPS25', 'UBQLN2', 'NOD1', 'PIK3C3', 'S100A9', 'NPC1', 'CLEC16A', 'OGT', 'EPM2A', 'PIP4K2B', 'STAM', 'FOXO1', 'STING1', 'PHB2', 'HMGB1', 'TP53', 'PSEN1', 'ULK2', 'MCOLN1', 'INHBA', 'BNIP3', 'BCL2', 'DAP', 'MAPK3', 'PRKN', 'OPTN', 'VCP', 'RB1CC1', 'MTOR', 'UBA5']"
HP:0100705,"['PRKN', 'SQSTM1', 'TP53', 'AP4M1', 'PSEN1', 'VCP', 'MTOR', 'UBQLN2']"
GO:0070507,"['MARK2', 'ABL1', 'CHMP3']"
GO:0051668,"['PRKN', 'OPTN', 'SQSTM1', 'AP4M1', 'NPC1', 'OGT', 'EPM2A', 'SNF8', 'PEX5', 'ATG3']"
HPA:0220052,"['TOLLIP', 'AMBRA1', 'ABL1', 'SQSTM1', 'LYN', 'BECN1', 'UBXN6', 'SRC', 'MARK2', 'UBQLN2', 'PIK3C3', 'LGALS8', 'TRAPPC4', 'NPC1', 'CHMP3', 'CLEC16A', 'CISD2', 'OGT', 'STAM', 'ATG3', 'PHB2', 'HMGB1', 'PSEN1', 'ULK2', 'BNIP3', 'SNF8', 'STX17', 'CALCOCO2', 'MAPK3', 'PRKN', 'OPTN', 'VCP', 'VPS36', 'RB1CC1', 'MTOR', 'ARSB', 'UBA5', 'ATG16L1', 'PEX5']"
GO:0036477,"['ABL1', 'BECN1', 'PSEN1', 'SRC', 'MARK2', 'ABI2', 'BNIP3', 'MTOR', 'EPM2A', 'TRAPPC4']"
HPA:0380000,"['TOLLIP', 'AMBRA1', 'ABL1', 'SQSTM1', 'LYN', 'BECN1', 'ATG4B', 'UBXN6', 'MARK2', 'ABI2', 'UBQLN2', 'PIK3C3', 'LGALS8', 'TRAPPC4', 'NPC1', 'CHMP3', 'CLEC16A', 'CISD2', 'OGT', 'STAM', 'ATG3', 'FOXO1', 'STING1', 'PHB2', 'HMGB1', 'TP53', 'PSEN1', 'ULK2', 'BNIP3', 'BCL2', 'SNF8', 'STX17', 'CALCOCO2', 'MAPK3', 'PRKN', 'OPTN', 'VCP', 'VPS36', 'RB1CC1', 'MTOR', 'ARSB', 'UBA5', 'ATG16L1', 'PEX5']"
GO:0006810,"['ATG9A', 'ABL1', 'SQSTM1', 'LYN', 'BECN1', 'ATG2A', 'ATG4B', 'SRC', 'UBXN6', 'VPS25', 'UBQLN2', 'PIK3C3', 'TRAPPC4', 'NPC1', 'CHMP3', 'CLEC16A', 'EPM2A', 'PIP4K2B', 'STAM', 'ATG3', 'FOXO1', 'STING1', 'PHB2', 'HMGB1', 'TP53', 'PSEN1', 'AP4M1', 'MAP1LC3C', 'MCOLN1', 'INHBA', 'BNIP3', 'BCL2', 'SNF8', 'STX17', 'MAPK3', 'PRKN', 'OPTN', 'VCP', 'VPS36', 'ARSB', 'ATG16L1', 'PEX5']"
KEGG:04140,"['ATG9A', 'AMBRA1', 'SQSTM1', 'BECN1', 'ATG2A', 'ATG4B', 'PIK3C3', 'ATG3', 'HMGB1', 'MAP1LC3C', 'ULK2', 'BNIP3', 'BCL2', 'STX17', 'CALCOCO2', 'MAPK3', 'OPTN', 'RB1CC1', 'MTOR', 'ATG16L1']"
GO:0140352,"['FOXO1', 'PRKN', 'LYN', 'PSEN1', 'INHBA', 'STX17', 'SNF8', 'STAM']"
GO:0030097,"['AMBRA1', 'ABL1', 'HMGB1', 'TP53', 'LYN', 'PSEN1', 'SRC', 'OGT', 'INHBA', 'MTOR', 'UBA5', 'BCL2']"
GO:0030136,[]
GO:0019899,"['TOLLIP', 'AMBRA1', 'ABL1', 'SQSTM1', 'LYN', 'BECN1', 'SRC', 'ABI2', 'CHMP3', 'STAM', 'ATG3', 'FOXO1', 'STING1', 'HMGB1', 'TP53', 'PSEN1', 'MAP1LC3C', 'BNIP3', 'BCL2', 'STX17', 'MAPK3', 'PRKN', 'VCP', 'RB1CC1', 'ATG16L1', 'PEX5']"
GO:1902554,"['STING1', 'RB1CC1']"
GO:0043069,"['FOXO1', 'PRKN', 'AMBRA1', 'ABL1', 'PHB2', 'TP53', 'BECN1', 'PSEN1', 'SRC', 'RB1CC1', 'BNIP3', 'MTOR', 'BCL2', 'NPC1']"
GO:0030030,"['PRKN', 'ABL1', 'HMGB1', 'LYN', 'ATG3', 'PSEN1', 'SRC', 'MARK2', 'ABI2', 'ULK2', 'MTOR', 'ARSB', 'BCL2', 'S100A9', 'TRAPPC4']"
HPA:0130000,"['TOLLIP', 'AMBRA1', 'ABL1', 'SQSTM1', 'LYN', 'BECN1', 'ATG4B', 'UBXN6', 'MARK2', 'ABI2', 'UBQLN2', 'PIK3C3', 'LGALS8', 'TRAPPC4', 'NPC1', 'CHMP3', 'CLEC16A', 'CISD2', 'OGT', 'STAM', 'ATG3', 'FOXO1', 'STING1', 'PHB2', 'HMGB1', 'TP53', 'PSEN1', 'AP4M1', 'ULK2', 'BNIP3', 'BCL2', 'SNF8', 'STX17', 'CALCOCO2', 'MAPK3', 'PRKN', 'OPTN', 'VCP', 'VPS36', 'RB1CC1', 'MTOR', 'ARSB', 'UBA5', 'ATG16L1', 'PEX5']"
WP:WP1742,"['BCL2', 'TP53', 'ABL1']"
GO:0042325,"['PRKN', 'ABL1', 'PHB2', 'SQSTM1', 'TP53', 'LYN', 'PSEN1', 'SRC', 'RB1CC1', 'MARK2', 'INHBA', 'VPS25', 'MTOR', 'EPM2A', 'BCL2']"
GO:0010507,"['CLEC16A', 'BECN1', 'TP53', 'BCL2', 'MTOR', 'DAP', 'NPC1']"
GO:0043393,"['PRKN', 'STING1', 'ABL1', 'PSEN1', 'MARK2']"
HP:0001268,"['PRKN', 'UBA5', 'OPTN', 'SQSTM1', 'TP53', 'PSEN1', 'CISD2', 'VCP', 'MCOLN1', 'UBQLN2', 'EPM2A', 'NPC1']"
HPA:0610831,"['TOLLIP', 'AMBRA1', 'ABL1', 'SQSTM1', 'LYN', 'BECN1', 'ATG4B', 'UBXN6', 'SRC', 'MARK2', 'ABI2', 'UBQLN2', 'PIK3C3', 'LGALS8', 'TRAPPC4', 'NPC1', 'CHMP3', 'CLEC16A', 'CISD2', 'OGT', 'STAM', 'ATG3', 'FOXO1', 'STING1', 'PHB2', 'HMGB1', 'TP53', 'PSEN1', 'AP4M1', 'ULK2', 'BNIP3', 'BCL2', 'SNF8', 'STX17', 'CALCOCO2', 'MAPK3', 'PRKN', 'OPTN', 'VCP', 'VPS36', 'RB1CC1', 'MTOR', 'ARSB', 'UBA5', 'ATG16L1', 'PEX5']"
GO:0051091,"['NOD1', 'STING1', 'S100A9', 'PHB2']"
GO:0031333,"['PEX5', 'HMGB1', 'SRC']"
GO:0005769,"['TOLLIP', 'MAPK3', 'AP4M1', 'PSEN1', 'UBXN6', 'STAM', 'CHMP3']"
HPA:0610000,"['TOLLIP', 'AMBRA1', 'ABL1', 'SQSTM1', 'LYN', 'BECN1', 'ATG4B', 'UBXN6', 'SRC', 'MARK2', 'ABI2', 'UBQLN2', 'PIK3C3', 'LGALS8', 'TRAPPC4', 'NPC1', 'CHMP3', 'CLEC16A', 'CISD2', 'OGT', 'STAM', 'ATG3', 'FOXO1', 'STING1', 'PHB2', 'HMGB1', 'TP53', 'PSEN1', 'AP4M1', 'ULK2', 'BNIP3', 'BCL2', 'SNF8', 'STX17', 'CALCOCO2', 'MAPK3', 'PRKN', 'OPTN', 'VCP', 'VPS36', 'RB1CC1', 'MTOR', 'ARSB', 'UBA5', 'ATG16L1', 'PEX5']"
GO:0051640,"['PRKN', 'LYN', 'BECN1', 'PSEN1', 'MARK2', 'MTOR', 'STX17', 'SNF8', 'STAM', 'TRAPPC4', 'CHMP3']"
GO:0043632,"['TOLLIP', 'PRKN', 'AMBRA1', 'SQSTM1', 'PSEN1', 'VCP', 'VPS36', 'OGT', 'VPS25', 'UBQLN2', 'EPM2A', 'SNF8', 'STAM', 'CHMP3']"
GO:0045088,"['STING1', 'HMGB1', 'SQSTM1', 'PHB2', 'LYN', 'BECN1', 'SRC', 'NOD1', 'S100A9']"
GO:0000793,"['PSEN1', 'HMGB1', 'CHMP3']"
GO:2001243,"['PRKN', 'BCL2', 'SRC']"
GO:0006914,"['ATG9A', 'TOLLIP', 'AMBRA1', 'ABL1', 'SQSTM1', 'BECN1', 'ATG2A', 'ATG4B', 'UBXN6', 'SRC', 'MARK2', 'VPS25', 'UBQLN2', 'NOD1', 'PIK3C3', 'LGALS8', 'S100A9', 'TRAPPC4', 'NPC1', 'CHMP3', 'CLEC16A', 'CISD2', 'OGT', 'EPM2A', 'PIP4K2B', 'STAM', 'ATG3', 'FOXO1', 'STING1', 'PHB2', 'HMGB1', 'TP53', 'PSEN1', 'AP4M1', 'MAP1LC3C', 'ULK2', 'MCOLN1', 'INHBA', 'BNIP3', 'BCL2', 'SNF8', 'DAP', 'STX17', 'CALCOCO2', 'MAPK3', 'PRKN', 'OPTN', 'VCP', 'VPS36', 'RB1CC1', 'MTOR', 'ARSB', 'UBA5', 'ATG16L1', 'PEX5']"
GO:0032386,"['PRKN', 'MAPK3', 'PSEN1', 'SRC', 'EPM2A', 'CHMP3']"
HPA:0380522,"['TOLLIP', 'SQSTM1', 'BECN1', 'ATG4B', 'UBXN6', 'MARK2', 'ABI2', 'UBQLN2', 'PIK3C3', 'LGALS8', 'NPC1', 'CHMP3', 'CISD2', 'OGT', 'STAM', 'ATG3', 'FOXO1', 'PHB2', 'HMGB1', 'PSEN1', 'ULK2', 'BNIP3', 'BCL2', 'SNF8', 'STX17', 'CALCOCO2', 'MAPK3', 'PRKN', 'OPTN', 'VCP', 'VPS36', 'ARSB', 'ATG16L1', 'PEX5']"
HPA:0350000,"['TOLLIP', 'AMBRA1', 'ABL1', 'SQSTM1', 'LYN', 'BECN1', 'ATG4B', 'UBXN6', 'MARK2', 'ABI2', 'UBQLN2', 'PIK3C3', 'LGALS8', 'TRAPPC4', 'NPC1', 'CHMP3', 'CLEC16A', 'CISD2', 'OGT', 'STAM', 'ATG3', 'FOXO1', 'STING1', 'PHB2', 'HMGB1', 'PSEN1', 'AP4M1', 'ULK2', 'BNIP3', 'BCL2', 'SNF8', 'STX17', 'CALCOCO2', 'MAPK3', 'PRKN', 'OPTN', 'VCP', 'VPS36', 'RB1CC1', 'MTOR', 'ARSB', 'UBA5', 'ATG16L1', 'PEX5']"
WP:WP2059,"['MAPK3', 'AMBRA1', 'ATG2A', 'BECN1', 'PSEN1', 'RB1CC1', 'ULK2', 'MTOR', 'PIK3C3']"
GO:1903828,"['PRKN', 'MTOR', 'FOXO1', 'VCP']"
GO:0018193,"['TOLLIP', 'MAPK3', 'ABL1', 'TP53', 'LYN', 'SRC', 'MARK2', 'ABI2', 'VPS25', 'MTOR', 'EPM2A', 'BCL2', 'S100A9']"
HPA:0430000,"['TOLLIP', 'ABL1', 'SQSTM1', 'LYN', 'BECN1', 'ATG4B', 'UBXN6', 'SRC', 'MARK2', 'ABI2', 'PIK3C3', 'LGALS8', 'TRAPPC4', 'NPC1', 'CHMP3', 'CLEC16A', 'CISD2', 'OGT', 'STAM', 'ATG3', 'FOXO1', 'STING1', 'PHB2', 'HMGB1', 'PSEN1', 'ULK2', 'BNIP3', 'BCL2', 'SNF8', 'STX17', 'CALCOCO2', 'MAPK3', 'PRKN', 'OPTN', 'VCP', 'VPS36', 'RB1CC1', 'MTOR', 'ARSB', 'UBA5', 'ATG16L1', 'PEX5']"
GO:0009628,"['FOXO1', 'MAPK3', 'PHB2', 'TP53', 'LYN', 'BECN1', 'VCP', 'SRC', 'INHBA', 'BNIP3', 'MCOLN1', 'MTOR', 'ARSB', 'BCL2']"
GO:0043467,"['PHB2', 'TP53', 'VCP', 'PSEN1', 'OGT', 'MTOR', 'BNIP3']"
GO:0032555,"['MAPK3', 'STING1', 'UBA5', 'ABL1', 'LYN', 'VCP', 'SRC', 'MARK2', 'ULK2', 'MTOR', 'PIP4K2B', 'NOD1', 'PIK3C3']"
GO:0005829,"['TOLLIP', 'AMBRA1', 'ABL1', 'SQSTM1', 'LYN', 'BECN1', 'ATG4B', 'UBXN6', 'SRC', 'ABI2', 'VPS25', 'UBQLN2', 'NOD1', 'PIK3C3', 'LGALS8', 'S100A9', 'TRAPPC4', 'CHMP3', 'CLEC16A', 'OGT', 'EPM2A', 'PIP4K2B', 'STAM', 'ATG3', 'FOXO1', 'STING1', 'TP53', 'AP4M1', 'MAP1LC3C', 'ULK2', 'BCL2', 'SNF8', 'STX17', 'CALCOCO2', 'MAPK3', 'PRKN', 'OPTN', 'VCP', 'VPS36', 'RB1CC1', 'MTOR', 'UBA5', 'ATG16L1', 'PEX5']"
GO:0071248,"['PRKN', 'MAPK3', 'BECN1', 'MCOLN1', 'BNIP3']"
GO:0007154,"['TOLLIP', 'AMBRA1', 'ABL1', 'SQSTM1', 'LYN', 'BECN1', 'SRC', 'MARK2', 'ABI2', 'VPS25', 'UBQLN2', 'NOD1', 'PIK3C3', 'S100A9', 'NPC1', 'CLEC16A', 'OGT', 'EPM2A', 'PIP4K2B', 'STAM', 'FOXO1', 'STING1', 'PHB2', 'HMGB1', 'TP53', 'PSEN1', 'ULK2', 'MCOLN1', 'INHBA', 'BNIP3', 'BCL2', 'DAP', 'MAPK3', 'PRKN', 'OPTN', 'VCP', 'RB1CC1', 'MTOR', 'UBA5']"
GO:0071396,"['MAPK3', 'ABL1', 'HMGB1', 'PHB2', 'LYN', 'SRC', 'INHBA', 'UBA5', 'NPC1']"
GO:0000045,"['ATG9A', 'AMBRA1', 'BECN1', 'ATG2A', 'ATG4B', 'UBQLN2', 'PIK3C3', 'EPM2A', 'PIP4K2B', 'ATG3', 'STING1', 'PSEN1', 'AP4M1', 'MAP1LC3C', 'ULK2', 'STX17', 'RB1CC1', 'MTOR', 'ATG16L1']"
GO:0006886,"['PHB2', 'SQSTM1', 'TP53', 'BECN1', 'AP4M1', 'PSEN1', 'STX17', 'VCP', 'VPS36', 'MAP1LC3C', 'PEX5', 'VPS25', 'SNF8', 'EPM2A', 'PIK3C3', 'STAM']"
HPA:0630221,"['TOLLIP', 'ABL1', 'SQSTM1', 'BECN1', 'UBXN6', 'SRC', 'MARK2', 'ABI2', 'PIK3C3', 'S100A9', 'NPC1', 'CHMP3', 'CLEC16A', 'CISD2', 'OGT', 'STAM', 'ATG3', 'FOXO1', 'STING1', 'PHB2', 'HMGB1', 'PSEN1', 'ULK2', 'BNIP3', 'BCL2', 'SNF8', 'CALCOCO2', 'MAPK3', 'OPTN', 'VCP', 'VPS36', 'MTOR', 'ATG16L1', 'PEX5']"
GO:0000775,"['PSEN1', 'CHMP3']"
GO:0030666,"['PIK3C3', 'LYN', 'MCOLN1']"
REAC:R-HSA-162906,['CHMP3']
HPA:0080000,"['TOLLIP', 'AMBRA1', 'ABL1', 'SQSTM1', 'LYN', 'BECN1', 'UBXN6', 'MARK2', 'ABI2', 'UBQLN2', 'PIK3C3', 'LGALS8', 'TRAPPC4', 'NPC1', 'CHMP3', 'CLEC16A', 'CISD2', 'OGT', 'STAM', 'ATG3', 'FOXO1', 'STING1', 'PHB2', 'HMGB1', 'PSEN1', 'AP4M1', 'ULK2', 'BNIP3', 'SNF8', 'STX17', 'CALCOCO2', 'MAPK3', 'PRKN', 'OPTN', 'VCP', 'VPS36', 'MTOR', 'ARSB', 'UBA5', 'ATG16L1', 'PEX5']"
HP:0000712,"['OPTN', 'SQSTM1', 'TP53', 'VCP', 'UBQLN2', 'EPM2A']"
GO:0043207,"['TOLLIP', 'ABL1', 'SQSTM1', 'LYN', 'BECN1', 'SRC', 'NOD1', 'LGALS8', 'S100A9', 'CHMP3', 'STING1', 'HMGB1', 'PHB2', 'TP53', 'BNIP3', 'BCL2', 'CALCOCO2', 'MAPK3', 'OPTN', 'ATG16L1']"
GO:0036294,"['PHB2', 'TP53', 'BECN1', 'SRC', 'INHBA', 'MTOR', 'BNIP3', 'BCL2']"
GO:0051051,"['FOXO1', 'PRKN', 'HMGB1', 'INHBA', 'UBQLN2', 'BCL2', 'ATG3']"
GO:0042326,"['PRKN', 'ABL1', 'LYN', 'PSEN1', 'INHBA', 'VPS25', 'EPM2A']"
GO:0036211,"['TOLLIP', 'AMBRA1', 'ABL1', 'SQSTM1', 'LYN', 'ATG4B', 'SRC', 'MARK2', 'ABI2', 'VPS25', 'PIK3C3', 'S100A9', 'NPC1', 'OGT', 'EPM2A', 'ATG3', 'FOXO1', 'PHB2', 'TP53', 'PSEN1', 'ULK2', 'INHBA', 'BCL2', 'MAPK3', 'PRKN', 'VCP', 'RB1CC1', 'MTOR', 'UBA5', 'ATG16L1']"
GO:0051246,"['TOLLIP', 'ABL1', 'SQSTM1', 'LYN', 'SRC', 'MARK2', 'VPS25', 'UBQLN2', 'OGT', 'EPM2A', 'FOXO1', 'PHB2', 'TP53', 'PSEN1', 'INHBA', 'BCL2', 'DAP', 'SNF8', 'PRKN', 'VCP', 'RB1CC1', 'MTOR']"
REAC:R-HSA-162587,['CHMP3']
HPA:0480000,"['TOLLIP', 'AMBRA1', 'ABL1', 'SQSTM1', 'LYN', 'BECN1', 'ATG4B', 'UBXN6', 'SRC', 'MARK2', 'ABI2', 'UBQLN2', 'PIK3C3', 'LGALS8', 'TRAPPC4', 'NPC1', 'CHMP3', 'CLEC16A', 'CISD2', 'OGT', 'STAM', 'ATG3', 'FOXO1', 'PHB2', 'HMGB1', 'TP53', 'PSEN1', 'AP4M1', 'ULK2', 'BNIP3', 'BCL2', 'SNF8', 'STX17', 'CALCOCO2', 'MAPK3', 'PRKN', 'OPTN', 'VCP', 'VPS36', 'RB1CC1', 'MTOR', 'ARSB', 'UBA5', 'ATG16L1', 'PEX5']"
GO:0032434,"['PRKN', 'PSEN1', 'VCP', 'OGT', 'UBQLN2']"
GO:0001933,"['PRKN', 'ABL1', 'LYN', 'PSEN1', 'VPS25', 'EPM2A']"
GO:0098657,"['PRKN', 'MAPK3', 'ABL1', 'HMGB1', 'LYN', 'BECN1', 'ATG3', 'PSEN1', 'SRC', 'UBQLN2', 'PIK3C3', 'NPC1']"
GO:0042176,"['FOXO1', 'PRKN', 'PSEN1', 'VCP', 'OGT', 'UBQLN2', 'EPM2A', 'SNF8']"
GO:1903052,"['PRKN', 'PSEN1', 'VCP']"
GO:0043226,"['ATG9A', 'TOLLIP', 'AMBRA1', 'ABL1', 'SQSTM1', 'LYN', 'BECN1', 'ATG4B', 'ATG2A', 'SRC', 'UBXN6', 'MARK2', 'ABI2', 'VPS25', 'UBQLN2', 'NOD1', 'PIK3C3', 'S100A9', 'LGALS8', 'TRAPPC4', 'CHMP3', 'NPC1', 'CLEC16A', 'CISD2', 'OGT', 'EPM2A', 'PIP4K2B', 'STAM', 'FOXO1', 'STING1', 'HMGB1', 'PHB2', 'TP53', 'PSEN1', 'AP4M1', 'MAP1LC3C', 'ULK2', 'MCOLN1', 'BNIP3', 'SNF8', 'BCL2', 'STX17', 'CALCOCO2', 'MAPK3', 'PRKN', 'OPTN', 'VCP', 'VPS36', 'RB1CC1', 'MTOR', 'ARSB', 'UBA5', 'ATG16L1', 'PEX5']"
GO:0051049,"['FOXO1', 'PRKN', 'MAPK3', 'ABL1', 'HMGB1', 'PHB2', 'LYN', 'PSEN1', 'SRC', 'INHBA', 'SNF8', 'UBQLN2', 'EPM2A', 'BCL2', 'STAM', 'ATG3', 'CHMP3']"
GO:0031349,"['MAPK3', 'STING1', 'HMGB1', 'SQSTM1', 'PHB2', 'OPTN', 'LYN', 'BECN1', 'SRC', 'NOD1', 'S100A9']"
HPA:0050000,"['TOLLIP', 'AMBRA1', 'ABL1', 'SQSTM1', 'BECN1', 'ATG4B', 'UBXN6', 'MARK2', 'ABI2', 'UBQLN2', 'PIK3C3', 'LGALS8', 'TRAPPC4', 'NPC1', 'CHMP3', 'CLEC16A', 'CISD2', 'OGT', 'STAM', 'ATG3', 'FOXO1', 'PHB2', 'HMGB1', 'PSEN1', 'ULK2', 'BNIP3', 'BCL2', 'SNF8', 'STX17', 'CALCOCO2', 'MAPK3', 'PRKN', 'OPTN', 'VCP', 'VPS36', 'RB1CC1', 'MTOR', 'ARSB', 'UBA5', 'ATG16L1', 'PEX5']"
GO:0051174,"['PRKN', 'ABL1', 'PHB2', 'SQSTM1', 'TP53', 'LYN', 'PSEN1', 'VCP', 'SRC', 'OGT', 'MARK2', 'RB1CC1', 'INHBA', 'VPS25', 'MTOR', 'EPM2A', 'BCL2']"
HPA:0500000,"['TOLLIP', 'AMBRA1', 'SQSTM1', 'BECN1', 'UBXN6', 'MARK2', 'ABI2', 'UBQLN2', 'PIK3C3', 'NPC1', 'CHMP3', 'CLEC16A', 'CISD2', 'ATG3', 'FOXO1', 'PHB2', 'HMGB1', 'PSEN1', 'ULK2', 'BNIP3', 'BCL2', 'SNF8', 'STX17', 'MAPK3', 'PRKN', 'OPTN', 'VCP', 'VPS36', 'MTOR', 'ARSB', 'UBA5', 'ATG16L1', 'PEX5']"
GO:0006793,"['TOLLIP', 'ABL1', 'SQSTM1', 'LYN', 'BECN1', 'SRC', 'MARK2', 'ABI2', 'VPS25', 'PIK3C3', 'OGT', 'EPM2A', 'PIP4K2B', 'PHB2', 'TP53', 'PSEN1', 'ULK2', 'INHBA', 'BCL2', 'PRKN', 'MAPK3', 'VCP', 'RB1CC1', 'MTOR']"
GO:0044089,"['AMBRA1', 'ABL1', 'TP53', 'BECN1', 'ATG2A', 'VCP', 'SRC', 'ABI2', 'MTOR', 'SNF8', 'PIP4K2B', 'STAM']"
HPA:0420052,"['TOLLIP', 'AMBRA1', 'ABL1', 'SQSTM1', 'MARK2', 'PIK3C3', 'LGALS8', 'NPC1', 'TRAPPC4', 'CHMP3', 'CLEC16A', 'CISD2', 'OGT', 'STAM', 'ATG3', 'PHB2', 'HMGB1', 'PSEN1', 'ULK2', 'BNIP3', 'SNF8', 'STX17', 'MAPK3', 'OPTN', 'VCP', 'VPS36', 'MTOR', 'ARSB', 'UBA5', 'ATG16L1', 'PEX5']"
GO:0019058,"['PRKN', 'HMGB1', 'VCP', 'BCL2', 'PIK3C3', 'ATG16L1', 'NPC1', 'CHMP3']"
GO:0008285,"['AMBRA1', 'PHB2', 'TP53', 'LYN', 'BECN1', 'RB1CC1', 'INHBA', 'BCL2']"
WP:WP5124,"['MAPK3', 'AMBRA1', 'ATG2A', 'BECN1', 'PSEN1', 'RB1CC1', 'ULK2', 'MTOR', 'PIK3C3']"
GO:0006468,"['PRKN', 'MAPK3', 'ABL1', 'PHB2', 'SQSTM1', 'TP53', 'LYN', 'PSEN1', 'SRC', 'RB1CC1', 'MARK2', 'ABI2', 'ULK2', 'VPS25', 'INHBA', 'MTOR', 'EPM2A', 'BCL2']"
GO:0070062,"['TOLLIP', 'SQSTM1', 'LYN', 'AP4M1', 'VCP', 'UBXN6', 'SRC', 'VPS36', 'VPS25', 'ARSB', 'SNF8', 'S100A9', 'NPC1', 'CHMP3']"
HPA:0310000,"['TOLLIP', 'ABL1', 'SQSTM1', 'LYN', 'BECN1', 'ATG4B', 'UBXN6', 'MARK2', 'UBQLN2', 'PIK3C3', 'LGALS8', 'S100A9', 'TRAPPC4', 'NPC1', 'CHMP3', 'CISD2', 'OGT', 'STAM', 'ATG3', 'FOXO1', 'STING1', 'PHB2', 'HMGB1', 'PSEN1', 'ULK2', 'BNIP3', 'BCL2', 'SNF8', 'STX17', 'CALCOCO2', 'MAPK3', 'OPTN', 'VCP', 'VPS36', 'ARSB', 'UBA5', 'PEX5']"
GO:0034599,"['FOXO1', 'PRKN', 'MAPK3', 'ABL1', 'TP53', 'BECN1', 'SRC', 'BNIP3', 'PEX5']"
GO:2001242,"['PRKN', 'TP53', 'BECN1', 'SRC', 'BCL2', 'S100A9']"
GO:0070482,"['FOXO1', 'PHB2', 'TP53', 'BECN1', 'SRC', 'INHBA', 'BNIP3', 'MTOR', 'BCL2']"
HPA:0630051,"['TOLLIP', 'AMBRA1', 'ABL1', 'SQSTM1', 'LYN', 'BECN1', 'UBXN6', 'MARK2', 'PIK3C3', 'LGALS8', 'NPC1', 'CHMP3', 'CISD2', 'OGT', 'STAM', 'ATG3', 'STING1', 'PHB2', 'HMGB1', 'PSEN1', 'ULK2', 'BNIP3', 'SNF8', 'STX17', 'MAPK3', 'PRKN', 'OPTN', 'VPS36', 'MTOR', 'ARSB', 'UBA5', 'ATG16L1', 'PEX5']"
GO:0051402,"['PRKN', 'ABL1', 'AMBRA1', 'TP53', 'PSEN1', 'BNIP3', 'BCL2']"
HPA:0020000,"['TOLLIP', 'AMBRA1', 'ABL1', 'SQSTM1', 'BECN1', 'ATG4B', 'UBXN6', 'SRC', 'MARK2', 'ABI2', 'UBQLN2', 'PIK3C3', 'LGALS8', 'TRAPPC4', 'NPC1', 'CHMP3', 'CLEC16A', 'CISD2', 'OGT', 'STAM', 'ATG3', 'FOXO1', 'PHB2', 'HMGB1', 'PSEN1', 'AP4M1', 'ULK2', 'BNIP3', 'SNF8', 'STX17', 'CALCOCO2', 'MAPK3', 'PRKN', 'OPTN', 'VCP', 'VPS36', 'RB1CC1', 'MTOR', 'ARSB', 'UBA5', 'ATG16L1', 'PEX5']"
GO:0080135,"['FOXO1', 'PRKN', 'MAPK3', 'ABL1', 'HMGB1', 'TP53', 'MTOR', 'NOD1', 'BCL2']"
GO:0007165,"['TOLLIP', 'AMBRA1', 'ABL1', 'SQSTM1', 'LYN', 'BECN1', 'SRC', 'MARK2', 'ABI2', 'VPS25', 'UBQLN2', 'NOD1', 'PIK3C3', 'S100A9', 'NPC1', 'CLEC16A', 'OGT', 'EPM2A', 'PIP4K2B', 'STAM', 'FOXO1', 'STING1', 'PHB2', 'HMGB1', 'TP53', 'PSEN1', 'ULK2', 'MCOLN1', 'INHBA', 'BNIP3', 'BCL2', 'DAP', 'MAPK3', 'PRKN', 'OPTN', 'VCP', 'RB1CC1', 'MTOR', 'UBA5']"
GO:0140014,"['BECN1', 'PHB2', 'CHMP3']"
REAC:R-HSA-168249,"['TOLLIP', 'STING1', 'MAPK3', 'ABL1', 'HMGB1', 'TP53', 'LYN', 'PSEN1', 'VCP', 'ABI2', 'BCL2', 'ARSB', 'NOD1', 'PIK3C3', 'S100A9']"
GO:0055074,"['ABL1', 'LYN', 'PSEN1', 'MCOLN1', 'BNIP3', 'BCL2']"
GO:0051046,"['FOXO1', 'PRKN', 'LYN', 'INHBA', 'SNF8', 'STAM']"
GO:0043933,"['AMBRA1', 'ABL1', 'BECN1', 'SRC', 'PIK3C3', 'TRAPPC4', 'CHMP3', 'CLEC16A', 'STING1', 'HMGB1', 'TP53', 'MAP1LC3C', 'MCOLN1', 'BNIP3', 'STX17', 'CALCOCO2', 'PRKN', 'VCP', 'MTOR', 'PEX5']"
GO:0036293,"['PHB2', 'TP53', 'BECN1', 'SRC', 'INHBA', 'BNIP3', 'MTOR', 'BCL2']"
GO:0019904,"['PRKN', 'ABL1', 'SQSTM1', 'TP53', 'LYN', 'AP4M1', 'PSEN1', 'VCP', 'SRC', 'ABI2', 'NOD1', 'BCL2', 'DAP']"
GO:0051338,"['PRKN', 'ABL1', 'PHB2', 'LYN', 'SRC', 'MARK2', 'VPS25']"
GO:0071453,"['FOXO1', 'PHB2', 'TP53', 'BECN1', 'SRC', 'INHBA', 'BNIP3', 'MTOR', 'BCL2']"
GO:0120025,"['PRKN', 'MAPK3', 'AMBRA1', 'ABL1', 'PHB2', 'SQSTM1', 'BECN1', 'PSEN1', 'SRC', 'MARK2', 'ABI2', 'BNIP3', 'MTOR', 'EPM2A', 'PIK3C3', 'ATG16L1', 'TRAPPC4']"
GO:0099080,"['SQSTM1', 'PSEN1', 'VCP', 'SRC', 'MARK2', 'MAP1LC3C', 'CHMP3']"
GO:0002218,"['STING1', 'HMGB1', 'SQSTM1', 'PHB2', 'LYN', 'BECN1', 'SRC', 'NOD1', 'S100A9']"
GO:0051170,"['PHB2', 'SQSTM1', 'TP53', 'PSEN1', 'EPM2A']"
GO:0022607,"['ATG9A', 'AMBRA1', 'ABL1', 'SQSTM1', 'BECN1', 'ATG2A', 'ATG4B', 'SRC', 'ABI2', 'VPS25', 'UBQLN2', 'PIK3C3', 'TRAPPC4', 'CHMP3', 'OGT', 'EPM2A', 'PIP4K2B', 'STAM', 'ATG3', 'STING1', 'HMGB1', 'TP53', 'PSEN1', 'AP4M1', 'MAP1LC3C', 'ULK2', 'MCOLN1', 'BCL2', 'SNF8', 'STX17', 'PRKN', 'VCP', 'VPS36', 'RB1CC1', 'MTOR', 'ATG16L1', 'PEX5']"
GO:0038202,"['MAPK3', 'CLEC16A', 'SRC', 'OGT', 'MTOR', 'NPC1']"
HPA:0490691,"['AMBRA1', 'ABL1', 'SQSTM1', 'BECN1', 'UBXN6', 'SRC', 'UBQLN2', 'PIK3C3', 'NPC1', 'CHMP3', 'CISD2', 'OGT', 'STAM', 'ATG3', 'FOXO1', 'PHB2', 'HMGB1', 'PSEN1', 'ULK2', 'BNIP3', 'BCL2', 'STX17', 'CALCOCO2', 'MAPK3', 'PRKN', 'OPTN', 'VCP', 'VPS36', 'RB1CC1', 'ARSB', 'UBA5', 'ATG16L1', 'PEX5']"
HPA:0300000,"['TOLLIP', 'AMBRA1', 'ABL1', 'SQSTM1', 'LYN', 'BECN1', 'ATG4B', 'UBXN6', 'UBQLN2', 'PIK3C3', 'LGALS8', 'S100A9', 'TRAPPC4', 'NPC1', 'CHMP3', 'CLEC16A', 'CISD2', 'OGT', 'STAM', 'ATG3', 'FOXO1', 'STING1', 'PHB2', 'HMGB1', 'PSEN1', 'AP4M1', 'ULK2', 'BNIP3', 'SNF8', 'STX17', 'CALCOCO2', 'MAPK3', 'PRKN', 'OPTN', 'VCP', 'VPS36', 'RB1CC1', 'MTOR', 'ARSB', 'ATG16L1', 'PEX5']"
HPA:0020051,"['TOLLIP', 'AMBRA1', 'ABL1', 'SQSTM1', 'BECN1', 'ATG4B', 'UBXN6', 'SRC', 'MARK2', 'ABI2', 'UBQLN2', 'PIK3C3', 'LGALS8', 'TRAPPC4', 'NPC1', 'CHMP3', 'CLEC16A', 'CISD2', 'OGT', 'STAM', 'ATG3', 'FOXO1', 'PHB2', 'HMGB1', 'PSEN1', 'AP4M1', 'ULK2', 'BNIP3', 'SNF8', 'STX17', 'CALCOCO2', 'MAPK3', 'PRKN', 'OPTN', 'VCP', 'VPS36', 'RB1CC1', 'MTOR', 'ARSB', 'UBA5', 'ATG16L1', 'PEX5']"
GO:0009617,"['MAPK3', 'ABL1', 'HMGB1', 'OPTN', 'LYN', 'SRC', 'BNIP3', 'NOD1', 'S100A9']"
GO:0051248,"['PRKN', 'ABL1', 'SQSTM1', 'TP53', 'LYN', 'PSEN1', 'OGT', 'VPS25', 'EPM2A']"
GO:0048878,"['FOXO1', 'MAPK3', 'ABL1', 'LYN', 'PSEN1', 'OGT', 'MCOLN1', 'BNIP3', 'BCL2', 'S100A9', 'NPC1']"
GO:0010256,"['ATG9A', 'PRKN', 'MAPK3', 'OPTN', 'SQSTM1', 'PEX5', 'VPS36', 'VPS25', 'STX17', 'SNF8', 'S100A9', 'STAM', 'CHMP3']"
GO:0043523,"['PRKN', 'ABL1', 'AMBRA1', 'TP53', 'PSEN1', 'BCL2']"
GO:2000058,"['PRKN', 'PSEN1', 'VCP', 'OGT', 'UBQLN2']"
GO:0120035,"['ABL1', 'LYN', 'PSEN1', 'SRC', 'MARK2', 'ABI2', 'ULK2', 'MTOR', 'ARSB', 'S100A9', 'ATG3']"
GO:0001819,"['STING1', 'ABL1', 'HMGB1', 'PSEN1', 'SRC', 'NOD1']"
HPA:0050051,"['TOLLIP', 'AMBRA1', 'ABL1', 'SQSTM1', 'BECN1', 'ATG4B', 'UBXN6', 'MARK2', 'ABI2', 'UBQLN2', 'PIK3C3', 'LGALS8', 'TRAPPC4', 'NPC1', 'CHMP3', 'CLEC16A', 'CISD2', 'OGT', 'STAM', 'ATG3', 'FOXO1', 'PHB2', 'HMGB1', 'PSEN1', 'ULK2', 'BNIP3', 'BCL2', 'SNF8', 'STX17', 'CALCOCO2', 'MAPK3', 'PRKN', 'OPTN', 'VCP', 'VPS36', 'RB1CC1', 'MTOR', 'ARSB', 'UBA5', 'ATG16L1', 'PEX5']"
GO:0034774,"['TOLLIP', 'HMGB1', 'VCP', 'ARSB', 'S100A9']"
GO:0032436,"['PRKN', 'PSEN1', 'VCP']"
